-- Adminer 4.7.7 MySQL dump

SET NAMES utf8;
SET time_zone = '+00:00';
SET foreign_key_checks = 0;
SET sql_mode = 'NO_AUTO_VALUE_ON_ZERO';

SET NAMES utf8mb4;

DROP TABLE IF EXISTS `failed_jobs`;
CREATE TABLE `failed_jobs` (
  `id` bigint unsigned NOT NULL AUTO_INCREMENT,
  `connection` text COLLATE utf8mb4_unicode_ci NOT NULL,
  `queue` text COLLATE utf8mb4_unicode_ci NOT NULL,
  `payload` longtext COLLATE utf8mb4_unicode_ci NOT NULL,
  `exception` longtext COLLATE utf8mb4_unicode_ci NOT NULL,
  `failed_at` timestamp NOT NULL DEFAULT CURRENT_TIMESTAMP,
  PRIMARY KEY (`id`)
) ENGINE=InnoDB DEFAULT CHARSET=utf8mb4 COLLATE=utf8mb4_unicode_ci;


DROP TABLE IF EXISTS `information`;
CREATE TABLE `information` (
  `id` bigint unsigned NOT NULL AUTO_INCREMENT,
  `information` varchar(255) COLLATE utf8mb4_unicode_ci NOT NULL,
  `created_at` timestamp NULL DEFAULT NULL,
  `updated_at` timestamp NULL DEFAULT NULL,
  PRIMARY KEY (`id`)
) ENGINE=InnoDB DEFAULT CHARSET=utf8mb4 COLLATE=utf8mb4_unicode_ci;

INSERT INTO `information` (`id`, `information`, `created_at`, `updated_at`) VALUES
(1,	'berkala',	'2020-08-22 02:21:15',	'2020-08-22 02:21:15'),
(2,	'setiap saat',	'2020-08-22 02:21:15',	'2020-08-22 02:21:15'),
(3,	'serta merta',	'2020-08-22 02:21:15',	'2020-08-22 02:21:15'),
(4,	'permohonan informasi',	'2020-08-22 02:21:15',	'2020-08-22 02:21:15');

DROP TABLE IF EXISTS `information_lists`;
CREATE TABLE `information_lists` (
  `id` bigint unsigned NOT NULL AUTO_INCREMENT,
  `information_id` int NOT NULL,
  `sub_information_id` int DEFAULT NULL,
  `title` varchar(255) COLLATE utf8mb4_unicode_ci NOT NULL,
  `slug` varchar(255) COLLATE utf8mb4_unicode_ci NOT NULL,
  `body` text COLLATE utf8mb4_unicode_ci NOT NULL,
  `thumbnail` varchar(255) COLLATE utf8mb4_unicode_ci NOT NULL,
  `file` varchar(255) COLLATE utf8mb4_unicode_ci DEFAULT NULL,
  `created_at` timestamp NULL DEFAULT NULL,
  `updated_at` timestamp NULL DEFAULT NULL,
  PRIMARY KEY (`id`),
  KEY `information_lists_information_id_index` (`information_id`),
  KEY `information_lists_sub_information_id_index` (`sub_information_id`)
) ENGINE=InnoDB DEFAULT CHARSET=utf8mb4 COLLATE=utf8mb4_unicode_ci;

INSERT INTO `information_lists` (`id`, `information_id`, `sub_information_id`, `title`, `slug`, `body`, `thumbnail`, `file`, `created_at`, `updated_at`) VALUES
(1,	1,	7,	'Eum officia error qu',	'eum-officia-error-qu-4vCyE',	'<p>asdasd</p>',	'default.jpg',	NULL,	'2020-08-22 08:54:36',	'2020-08-22 08:54:36'),
(2,	4,	10,	'Aut excepturi error',	'aut-excepturi-error-EaJfg',	'<p>adasd</p>',	'default.jpg',	NULL,	'2020-08-22 08:54:43',	'2020-08-22 08:54:43'),
(4,	4,	9,	'Eos eligendi sequi q',	'eos-eligendi-sequi-q-v0ExA',	'<p>asdasdasdasd</p>',	'default.jpg',	NULL,	'2020-08-22 08:56:32',	'2020-08-22 08:56:32'),
(5,	2,	NULL,	'Laporan Barang Milik Negara Tahun 2018',	'laporan-barang-milik-negara-tahun-2018-GCX5S',	'<p>Laporan Bisa Di Baca Dengan Link Di Atas</p>',	'default.jpg',	'file/b5SkQID4gS1ciPapdd6AQ9xqyO9PMsVF2kwJQ0im.pdf',	'2020-08-26 03:53:04',	'2020-08-26 03:53:04'),
(6,	2,	NULL,	'Laporan Barang Milik Negara Tahun 2019',	'laporan-barang-milik-negara-tahun-2019-WkyzD',	'<p>Laporan Bisa Di Baca Dengan Link Di Atas</p>',	'default.jpg',	'file/pip5gXv6JAEAN72HhiybRXUmhbNMmdE349sz5gQv.pdf',	'2020-08-26 03:54:46',	'2020-08-26 03:54:46'),
(7,	2,	NULL,	'RENCANA STRATEGIS KEMENTERIAN KOMUNIKASI DAN INFORMATIKA TAHUN 2015-2019',	'rencana-strategis-kementerian-komunikasi-dan-informatika-tahun-2015-2019-fwC9Q',	'<p>Laporan Bisa Di Baca Dengan Link Di Atas</p>',	'default.jpg',	'file/hxXJ54haIbcs1X85H8Izw5YXNRNPzxNMiIWzj43R.pdf',	'2020-08-26 03:55:45',	'2020-08-26 03:55:45'),
(8,	2,	NULL,	'Rencana Kerja Kementerian Komunikasi dan Informatika Tahun 2019',	'rencana-kerja-kementerian-komunikasi-dan-informatika-tahun-2019-rJdbS',	'<p>Laporan Bisa Di Baca Dengan Link Di Atas</p>',	'default.jpg',	'file/GNvjyRs5vOBZ4zD6z3WutMvyUzWjIEYyADN5zxNq.pdf',	'2020-08-26 03:57:19',	'2020-08-26 04:00:43'),
(9,	2,	NULL,	'Rencana Kerja Kementerian Komunikasi dan Informatika Tahun 2020',	'rencana-kerja-kementerian-komunikasi-dan-informatika-tahun-2020-UZqeN',	'<p>Laporan Bisa Di Baca Dengan Link Di Atas</p>',	'default.jpg',	'file/k8MZp3qAtXqgBgSjpKSfk3PWsyauNrQp9zmAFTvq.pdf',	'2020-08-26 03:58:23',	'2020-08-26 03:58:23'),
(10,	3,	NULL,	'Majalah Kominfo Next Edisi - Lawan COVID-19',	'majalah-kominfo-next-edisi-lawan-covid-19-awFU7',	'<p>Laporan Bisa Di Baca Di Atas</p>',	'default.jpg',	'file/qVDOWeXw4lNQ8WMhmJdMIiqbpzyOwHNERvhUSNl0.pdf',	'2020-08-26 04:21:01',	'2020-08-26 04:21:01'),
(11,	3,	NULL,	'Alur Deteksi COVID-19',	'alur-deteksi-covid-19-LBe5e',	'<p>Laporan Bisa Di Baca Dengan Link Di Atas</p>',	'default.jpg',	'file/fDVIpuBuRYrv82P3Jza2dN2EX903NyThdSUenXgd.pdf',	'2020-08-26 04:23:38',	'2020-08-26 04:23:38'),
(12,	3,	NULL,	'Benda Sekitar Paling Kotor',	'benda-sekitar-paling-kotor-tJ0T5',	'<p>Laporan Bisa Di Baca Dengan Link Di Atas</p>',	'default.jpg',	'file/NqehiTbDc58Lvc1Km6C6oxLLCQTCiHIIa1xxu20O.pdf',	'2020-08-26 04:41:06',	'2020-08-26 04:41:06'),
(13,	3,	NULL,	'Rutin Bersihkan Gawai Kita',	'rutin-bersihkan-gawai-kita-CG3Eb',	'<p>Laporan Bisa Di Baca Dengan Link Di Atas</p>',	'default.jpg',	'file/IJ9yCxPXBUnp18OW4Qxqbauu7fxEhkokkKjfuPYO.pdf',	'2020-08-26 04:42:42',	'2020-08-26 04:42:42'),
(14,	3,	NULL,	'Ceritakan Riwayat Kontak Anda',	'ceritakan-riwayat-kontak-anda-5Dwqt',	'<p>Laporan Bisa Di Baca Dengan Link Di Atas</p>',	'default.jpg',	'file/cdxk1fBStT2JOKYz9EHYsuAL9WkPTJU8GnZ1sUzy.pdf',	'2020-08-26 04:59:47',	'2020-08-26 04:59:47'),
(16,	1,	1,	'Profil Kementerian Kominfo',	'profil-kementerian-kominfo-uXRi7',	'<p>Laporan Bisa Di Baca Dengan Link Di Atas</p>',	'default.jpg',	'file/zW7OmeXb7plduUEcOJmci8N8lHGYbQBxIuVZheE5.pdf',	'2020-08-26 07:50:16',	'2020-08-26 07:50:16'),
(17,	1,	1,	'LHKPN Pejabat Kementerian Komunikasi dan Informatika',	'lhkpn-pejabat-kementerian-komunikasi-dan-informatika-vra4n',	'<p>Laporan Bisa Di Baca Dengan Link Di Atas</p>',	'default.jpg',	'file/xWnzK5Xscq1XjOhvppcNSDy9SyWEDq9xi8fnhERn.pdf',	'2020-08-26 07:51:39',	'2020-08-26 07:51:39'),
(18,	1,	2,	'Laporan Rekapitulasi Anggaran Unit tahun anggaran 2019',	'laporan-rekapitulasi-anggaran-unit-tahun-anggaran-2019-qh3J4',	'<p>Laporan Bisa Di Baca Dengan Link Di Atas</p>',	'default.jpg',	'file/l0l7Hx3kwwcxSg1w01hWzDhtqukEPqMWlLoeID1d.pdf',	'2020-08-26 07:53:24',	'2020-08-26 07:53:24'),
(19,	1,	2,	'Digital Talent Scholarship - Online Academy',	'digital-talent-scholarship-online-academy-LJG6X',	'<p>Laporan Bisa Di Baca Dengan Link Di Atas</p>',	'default.jpg',	'file/a1Jvs4yRWrHBV4oE7BncmJG3DuZtgLf1H9aqBpSt.pdf',	'2020-08-26 07:54:11',	'2020-08-26 07:54:11'),
(20,	1,	3,	'Laporan Kinerja Kementerian Kominfo Tahun 2018',	'laporan-kinerja-kementerian-kominfo-tahun-2018-PQYZR',	'<p>Laporan Bisa Di Baca Dengan LInk Di Atas</p>',	'default.jpg',	'file/6KAw0ZeCOPW3dAqT4jINQ6SsLSs0qZgFbZdPicXm.pdf',	'2020-08-26 08:24:59',	'2020-08-26 08:24:59'),
(21,	1,	3,	'Laporan Kinerja Kementerian Kominfo Tahun 2019',	'laporan-kinerja-kementerian-kominfo-tahun-2019-IzSYh',	'<p>Laporan Bisa Di Baca Dengan Link Di Atas</p>',	'default.jpg',	'file/XwoSrUCMBpFWAuhzm1tmCzPlpFJIENJVuACQRovq.pdf',	'2020-08-26 08:51:39',	'2020-08-26 08:51:39'),
(22,	1,	4,	'Laporan Keuangan Kementerian Kominfo Tahun 2018',	'laporan-keuangan-kementerian-kominfo-tahun-2018-uxydc',	'<p>Laporan Dapat Di Baca Dengan Link Di Atas</p>',	'default.jpg',	'file/X0uI4NVKxdtBwZj7AESUgDHz6NlrqdHbtP5IHHZw.pdf',	'2020-08-26 09:08:12',	'2020-08-26 09:08:12'),
(23,	1,	4,	'Laporan Keuangan Kementerian Kominfo Tahun 2017',	'laporan-keuangan-kementerian-kominfo-tahun-2017-C0khy',	'<p>Laporan Dapat Di Baca Dengan Link Di Atas</p>',	'default.jpg',	'file/aAL59TUQNrNvSA2YZRbczhObIs2M9TWJ6C85Gl8v.pdf',	'2020-08-26 09:10:47',	'2020-08-26 09:10:47');

DROP TABLE IF EXISTS `migrations`;
CREATE TABLE `migrations` (
  `id` int unsigned NOT NULL AUTO_INCREMENT,
  `migration` varchar(255) COLLATE utf8mb4_unicode_ci NOT NULL,
  `batch` int NOT NULL,
  PRIMARY KEY (`id`)
) ENGINE=InnoDB DEFAULT CHARSET=utf8mb4 COLLATE=utf8mb4_unicode_ci;

INSERT INTO `migrations` (`id`, `migration`, `batch`) VALUES
(229,	'2014_10_12_000000_create_users_table',	1),
(230,	'2014_10_12_100000_create_password_resets_table',	1),
(231,	'2019_08_19_000000_create_failed_jobs_table',	1),
(232,	'2020_08_04_065908_create_services_table',	1),
(233,	'2020_08_04_070046_create_service_lists_table',	1),
(234,	'2020_08_04_070133_create_information_lists_table',	1),
(235,	'2020_08_04_070159_create_reports_table',	1),
(236,	'2020_08_04_070209_create_report_lists_table',	1),
(237,	'2020_08_04_071828_create_information_table',	1),
(238,	'2020_08_04_080620_create_news_table',	1),
(239,	'2020_08_04_080703_create_new_lists_table',	1),
(240,	'2020_08_06_104642_create_sub__information_table',	1);

DROP TABLE IF EXISTS `new_lists`;
CREATE TABLE `new_lists` (
  `id` bigint unsigned NOT NULL AUTO_INCREMENT,
  `category_id` int NOT NULL,
  `title` varchar(255) COLLATE utf8mb4_unicode_ci NOT NULL,
  `slug` varchar(255) COLLATE utf8mb4_unicode_ci NOT NULL,
  `body` text COLLATE utf8mb4_unicode_ci NOT NULL,
  `thumbnail` varchar(255) COLLATE utf8mb4_unicode_ci NOT NULL DEFAULT 'default.jpg',
  `created_at` timestamp NULL DEFAULT NULL,
  `updated_at` timestamp NULL DEFAULT NULL,
  PRIMARY KEY (`id`),
  KEY `new_lists_category_id_index` (`category_id`)
) ENGINE=InnoDB DEFAULT CHARSET=utf8mb4 COLLATE=utf8mb4_unicode_ci;

INSERT INTO `new_lists` (`id`, `category_id`, `title`, `slug`, `body`, `thumbnail`, `created_at`, `updated_at`) VALUES
(1,	1,	'Dirjen PPI: Jabatan Fungsional Istimewa dan Penuh Tantangan',	'dirjen-ppi-jabatan-fungsional-istimewa-dan-penuh-tantangan-',	'<p>Jakarta, Kominfo - Direktur Jenderal Penyelenggara Pos dan Informatika Kementerian Komunikasi dan Informatika, Ahmad M. Ramli menyatakan peralihan jabatan dari administratif menjadi fungsional memiliki keistimewaan dan tantangan tersendiri.</p>\r\n\r\n<p>&ldquo;Jabatan fungsional menjadi hal yang istimewa karena penuh tantangan, tetapi negara menjamin&nbsp;<em>take home pay</em>&nbsp;tidak mengalami perubahan, Artinya sama saja, jabatan fungsional bukan sesuatu yang baru,&rdquo; tuturnya dalam Pelantikan Tahap Kedua dalam Penyetaraan Jabatan Administrator dan Pengawas Ditjen PPI di Ruang Serbaguna Kementerian Kominfo, Jakarta, Rabu (19/08/2020).</p>\r\n\r\n<p>Menurut Dirjen Ramli, dengan dibacakannya surat Keputusan Menteri Kominfo No. 576 s.d 614 tahun 2020 ini, mempertegas bahwa untuk jenjang karir fungsional menjadi lebih luas.</p>\r\n\r\n<p>&ldquo;Bagi mereka yang beralih ke fungsional hari ini, sesuai aturan nanti bisa dilihat masa pensiunnya sudah menjadi 60 tahun. Tentunya, ini menjadi suatu anugerah,&rdquo; tuturnya.</p>\r\n\r\n<p>&nbsp;</p>\r\n\r\n<p>Di hadapan pejabat yang dilantik, Dirjen Ramli menyatakan telah mengeluarkan Surat Keputusan (SK) Dirjen terkait dengan penetapan Koordinator.&nbsp;&nbsp;&ldquo;Jadi, yang tadinya menjabat Kabag Hukum langsung menjadi Koordinator Bidang Hukum,&rdquo; ujarnya.</p>\r\n\r\n<p>Dirjen Ramli menuturkan, peralihan jabatan tersebut mengikuti kebijakan dari Presiden Joko Widodo mengenai penyederhanaan eselonisasi birokrasi menjadi dua level, yaitu eselon 1 dan 2. &quot;Sisanya, diganti dengan jabatan fungsional yang lebih menghargai keahlian dan kompetensi,&quot; ungkapnya.</p>\r\n\r\n<p>Dengan pola kerja seperti itu, jabatan fungsional akan dengan cepat bisa memenuhi syarat untuk masuk ke pimpinan tinggi baik pratama maupun madya. &quot;Dari sisi pekerjaan peralihan jabatan ini turut memberikan benefit dan insentif tugas dalam bentuk yang lebih leluasa,&quot; jelasnya.</p>\r\n\r\n<p>Hadir dalam pelantikan itu antara lain Sesditjen PPI Wayan Tony S, Direktur Pos Ikhsan Baidirus, Direktur Penyiaran Geryantika, Plt. Direktur Pita Lebar Marvels Situmorang dan pejabat pimpinan tinggi pratama di lingkungan Direktorat Jenderal Pos dan Penyelenggaraan Informatika.</p>',	'berita/MOC6h6ZcGJFiLUlrRVEX4t0G9HRIrTox0FsZ6gmq.jpeg',	'2020-08-22 03:30:41',	'2020-08-22 03:30:41'),
(2,	1,	'Bangun Semangat Pelajar, Kominfo Gelar Lomba Baca Puisi',	'bangun-semangat-pelajar-kominfo-gelar-lomba-baca-puisi-',	'<p>Jakarta, Kominfo &ndash; Kementeriaan Komunikasi dan Informatika bersama Paduan Suara Merah Putih menggelar Lomba Membaca Puisi Aku Cinta Negeri Indonesia Maju Tingkat SD dan SMP. Lomba yang berlangsung virtual itu diikuti oleh 200 pelajar SD dan SMP dari seluruh Indonesia.&nbsp;&nbsp;Sekretaris Jenderal Kementerian Kominfo, Rosarita Niken Widiastuti mengajak seluruh peserta tetap semangat dan optimistis.&nbsp;</p>\r\n\r\n<p>&ldquo;Kalian adalah masa depan Indonesia. Anak-anakku bisa belajar melalui virtual, melalui internet dan kegiatan ini pun juga melalui virtual. Karena itu, tentunya puisi itu betul-betul kalau kita rasakan bisa memberikan semangat pada anak-anakku semua,&rdquo; ujar saat membuka lomba baca puisi dari Ruang Serbaguna Kementerian Kominfo, Jakarta, Selasa (18/08/2020).</p>\r\n\r\n<p>Sekjen Niken mengungkap makna puisi &ldquo;Aku&rdquo; dan &ldquo;Karawang-Bekasi&rdquo; yang diciptakan Chairil Anwar. Menurutnya, kedua puisi itu memiliki satu semangat optimisme membela negara.&nbsp;&nbsp;&quot;Keduanya tentu saling mendukung, saling menguatkan, yang berjuang melawan penjajah dengan senjata semakin terbakar semangatnya oleh puisi-puisi,&quot; jelasnya.</p>\r\n\r\n<p>Bagi Sekjen Kementerian Kominfo, puisi juga menjadi penyemangat dan bentuk perjuangan membela bangsa selain mengangkat senjata melawan penjajah. &ldquo;Pada saat para pejuang-pejuang yang lainnya berjuang memanggul senjata dengan bambu runcing ataupun dengan senjata berperang di medan laga, tapi ada pejuang-pejuang yang berjuang menggunakan penanya yaitu melalui puisi,&rdquo; ungkapnya.</p>\r\n\r\n<p>&nbsp;</p>\r\n\r\n<p>Sekjen Niken mengutip salah satu bait karya Chairil Anwar. Lewat penggalan salah satu bait dalam puisi &ldquo;ketika peluru menembus kulitku, aku tetap menerkam, meradang, dan aku ingin hidup seribu tahun lagi&rdquo;, menurut Sekjen Chairil Anwar ingin menyaampaikan pesan kepada kita bahwa ketika sedang berjuang, tidak ada rasa ketakutan, tidak ada rasa pesimis, tetapi rasa optimis.&nbsp;</p>\r\n\r\n<p>&ldquo;Bait puisinya itu menggambarkan rasa optimisme. Seperti sekarang kita sedang berjuang melawan Covid-19. Tidak boleh pesimis, harus selalu optimis,&rdquo; tegasnya.</p>\r\n\r\n<p>Sekjen Kementerian Kominfo mendorong setiap peserta kembali mengenali konsensus nasional dan mencintai Republik Indonesia. &quot;Kalian adalah masa depan Indonesia. Mulai dari kecil tentunya adik-adik harus mencintai Indonesia, harus mencintai merah putih, karena dengan adanya empat konsensus nasional yaitu Pancasila, UUD 45, NKRI, Bhinneka Tunggal Ika, inilah kita semuanya ada. Perkuat persatuan dan kesatuan, kita manfaatkan lomba puisi untuk saling mengenal,&rdquo; tuturnya.</p>\r\n\r\n<p>Sekjen Niken juga mengajak para peserta lomba untuk menggunakan media sosial untuk kegiatan-kegiatan yang positif dan harus memiliki jiwa nasionalisme. &ldquo;Selamat berjuan anak-anakku. Gunakan media sosial untuk hal yang positif, mencari ilmu, belajar dan bersosialisasi. Tapi, jangan menggunakan media sosial untuk hal-hal yang negatif,&quot; tandasnya.</p>\r\n\r\n<p>Dalam lomba yang digelar untuk memeriahkan peringatan HUT ke-75 Kemerdekaan RI itu, setiap peserta membacakan puisi yang dipilih dari rumah menggunakan gawai masing-masing.&nbsp;&nbsp;Setiap peserta bisa mengenakan pakaian adat atau seragam sekolah.</p>',	'berita/e7HY9fBKIAuJanLzs8vEkKk5Iv9v3n02MkkQaoYb.jpeg',	'2020-08-22 03:32:35',	'2020-08-22 03:32:35'),
(3,	1,	'Manfaatkan Ruang Digital, Perayaan HUT ke-75 RI TETAP MERIAH',	'manfaatkan-ruang-digital-perayaan-hut-ke-75-ri-tetap-meriah-APlEe',	'<p>Jakarta, Kominfo - Menteri Komunikasi dan Informatika Johnny G. Plate menyatakan peringatan HUT ke-75 Republik Indonesia saat ini dapat diikuti secara langsung oleh seluruh masyarakat sebagai dampak pemanfaatan transformasi digital. Menurutnya, peringatan tahun ini meski berlangsung di tengah pandemi Covid-19 tetap berlangsung khidmat dan meriah.</p>\r\n\r\n<p>&quot;Ketika kemerdekaan RI dibacakan Soekarno dan Hatta, baru beberapa lama dunia mengetahui. Sekarang masyarakat dapat mengikuti secara langsung,&quot; ujarnya usai mengikuti Upacara Peringatan Detik-Detik Proklamasi Kemerdekaan Republik Indonesia secara virtual dari Ruang Serbaguna Kantor Kementerian Komunikasi dan Informatika, Jakarta, Senin (17/08/2020).</p>\r\n\r\n<p>Menurut Menteri Johnny, meski berlangsung di tengah pandemi Covid-19, perayaan ulang tahun kemerdekaan tetap berlangsung meriah.&nbsp;&nbsp;&quot;Perayaan selama 74 tahun dengan perayaan meriah yang disaksikan di Istana Merdeka, kali ini dirayakan melalui ruang digital. Kemeriaan tetap sama, khusuk dan khidmat tetap sama. Cara kita merayaannya yang berbeda,&quot; tegasnya.</p>\r\n\r\n<p>Ketika mengikuti upacara, Menteri Johnny mengenakan pakaian adat Songke Manggarai, tanah kelahirannya.&nbsp;&nbsp;Menurutnya, penggunaan pakaian adat merupakan manifestasi keberagaam budaya Indonesia.&nbsp;&nbsp;&quot;Kekayaan fashion Indonesia yang luar biasa yang sudah beberapa kali pada 17 Agustus di meriahkan dengan tampilan busana Nusantara, Bahkan sekarang, sepatu sampai makses sudah banyak yang memproduksi&nbsp;&nbsp;dengan desain-desain daerah-daerah kita,&quot; ungkapnya.</p>\r\n\r\n<p>Dalam peringatan tahun ini, Menteri Kominfo mengingatkan kembali semangat gotong royong untuk beradaptasi dalam lingkungan baru dan memasuki era baru transformasi digital. &quot;Presiden menekankan perayaan kita memperhatikan di sisi yang satu tapi di sisi yang lain tetap dengan semangat optimisme kita kita harus bangkit kita harus bangun untuk Indonesia yang lebih maju seperti tema yang diangkat Bangkit untuk Indonesia Maju,&quot; paparnya.</p>\r\n\r\n<p>&nbsp;</p>\r\n\r\n<p>Hadir mendampingi Menteri Kominfo seluruh pejabat tinggi madya di lingkungan Kementerian Kominfo. Sekretaris Jenderal Kementerian Kominfo, Rosarita Niken Widiastuti mengenakan baju adat Lampung.&nbsp;&nbsp;Sementara&nbsp;&nbsp;Dirjen Penyelenggaraan Pos dan Informatika Ahmad M. Ramli mengenakan baju adat Sunda.&nbsp;</p>\r\n\r\n<p>Dirjen Informasi dan Komunikasi Publik Widodo Muktiyo mengenakan baju adat Betawi,&nbsp;&nbsp;Kepala Badan Penelitian dan Pengembangan SDM Basuki Yusuf Iskandar mengenaikan baju adat Yogyakarta, dan Dirjen Aplikasi Informatika Semuel Abrijani Pangerapan mengenakan Baju Safari, baju adat dari Bali.</p>\r\n\r\n<p>Inspektur Jenderal Doddy Setiadji mengenakan baju adat Makassar; Staf Ahli Menteri Kominfo Bidang Hukum Baju Adat Lampung dan Dirut Badan Aksesibilitas Telekomunikasi dan Informasi Anang Latif mengenakan baju adat Ambon, Maluku.</p>',	'berita/kSLiO2S6wgrnFkKoY6XKb3kmP9LJhyotDhZptLRk.jpeg',	'2020-08-22 03:35:17',	'2020-09-03 11:43:53'),
(4,	1,	'FMB9 Media Klarifikasi Pemerintah dalam Penanganan Covid-19',	'fmb9-media-klarifikasi-pemerintah-dalam-penanganan-covid-19-',	'<p>&quot;Forum ini mengklarifikasi berbagai informasi sehingga media mendapatkan informasi cepat, akurat, dan terpercaya. Supaya apa yang sudah kita kerjakan selama ini betul-betul berdampak menyelamatkan masyarakat Indonesia,&quot; ujar Direktur Jenderal Informasi Komunikasi Publik (IKP) Kementerian Komunikasi dan Informatika (Kominfo) Widodo Muktiyo saat membuka penyelenggaraan Diskusi Media FMB9 bertajuk &quot;Kesehatan Pulih, Ekonomi Bangkit&rdquo; yang diselenggarakan di Ruang Serbaguna Kementerian Kominfo, Jakarta, Sabtu (15/08/2020).</p>\r\n\r\n<p>Melalui forum ini, lanjut Widodo, seluruh media pers dapat berinteraksi langsung dengan instansi pemerintah yang melakukan penanganan penyebaran Covid-19.</p>\r\n\r\n<p>Harapannya, setiap kebijakan pemerintah dapat tersampaikan kepada masyarakat. Kemudian, setiap kebijakan tersebut dapat dipatuhi secara disiplin oleh masyarakat.&nbsp;&quot;Kami sampaikan sekali lagi mudah-mudahan FMB9 ini betul-betul bisa menjadi media interaksi,&quot; katanya.</p>\r\n\r\n<p>Komunikasi dalam penanganan Covid-19 sangat berpengaruh terhadap kepatuhan masyarakat melakukan protokol kesehatan. &quot;Komunikasi itu nilainya kalau dihitung secara kuantitatif jauh lebih penting,&quot; imbuhnya.</p>\r\n\r\n<p>Hadir sebagai narasumber Diskusi Media FMB9 Ketua Pelaksana Komite Penanganan Covid19 dan Pemulihan Ekonomi Nasional Erick Thohir, Ketua Satgas Penanganan Covid-19 Doni Monardo, dan Ketua Satgas Pemulihan dan Transformasi Ekonomi Nasional Budi Gunadi Sadikin.&nbsp;</p>',	'berita/SzWjM0xPNdBFYz0A5CcLRWi04qarllb8ZRUn45M0.jpeg',	'2020-08-22 03:36:33',	'2020-08-22 03:36:33'),
(6,	1,	'Alokasikan Rp 30,5 T untuk Kesetaraan Akses Internet Nasional',	'alokasikan-rp-305-t-untuk-kesetaraan-akses-internet-nasional-',	'<p>Jakarta, Kominfo - Presiden Joko Widodo menyatakan pembangunan Teknologi Komunikasi dan Informasi (ICT) di tahun 2021, dialokasikan sebesar Rp30,5 triliun (termasuk melalui TKDD). Alokasi itu ditargetkan dapat mendorong kesetaraan akses internet di seluruh Indonesia.</p>\r\n\r\n<p>&quot;Difokuskan untuk mengakselerasi transformasi digital untuk penyelenggaraan pemerintahan, mewujudkan pelayanan publik yang efisien dan cepat, seperti bidang pendidikan, kesehatan, dan pemerintahan,&quot; tutur Presiden saat menyampaikan Keterangan Pemerintah atas RUU tentang APBN Tahun Anggaran 2021 Beserta Nota Keuangannya di Depan Rapat Paripurna DPR RI, di Gedung Nusantara MPR/DPR/DPD RI, Senayan, Provinsi DKI Jakarta, Jumat (14/08/2020).&nbsp;</p>\r\n\r\n<p>Menurut Kepala Negara, alokasi anggaran itu ditujukan untuk mengonsolidasi dan mengoptimasi infrastruktur dan layanan bersama, khususnya untuk masyarakat yang tinggal di kawasan tertinggal, terdepan, dan terluar (3T).</p>\r\n\r\n<p>&nbsp;</p>\r\n\r\n<p>Khususnya dalam menghadapi pandemi Corona Virus Disease 2019 (Covid-19), ungkap Wapres, momentum hijrah dapat dimaknai dengan melakukan adaptasi terhadap kebiasaan baru untuk melakukan pola hidup yang lebih bersih dan sehat serta tetap produktif.</p>\r\n\r\n<p>Oleh karena itu, Wapres berpesan agar di Tahun Baru Hijriah ini dapat terus tumbuh jiwa dan semangat baru untuk terus menebarkan benih kebajikan dan persatuan dalam mewujudkan Indonesia yang maju, sehat dan sejahtera.</p>\r\n\r\n<p>&ldquo;Semoga di tahun yang baru ini kita dapat bekerja lebih baik dan meraih prestasi-prestasi untuk kemaslahatan masyarakat menuju hari esok yang lebih baik dan semoga perjuangan kita bersama dalam mengatasi pandemi Covid-19 ini mendapat rida Allah Subhanahu wa ta&rsquo;ala,&rdquo; pungkas Wapres.</p>\r\n\r\n<p>&quot;Serta mewujudkan inklusi masyarakat di wilayah prioritas pembangunan dan mendorong kesetaraan dengan tambahan akses internet pada sekitar 4.000 desa dan kelurahan di daerah 3T,&quot; jelasnya.</p>\r\n\r\n<p>Presiden menyampaikan bahwa Pemerintah mengusung tema kebijakan fiskal tahun 2021, yaitu &ldquo;Percepatan Pemulihan Ekonomi dan Penguatan Reformasi&rdquo;. &rdquo;Pandemi Covid-19 telah menjadi bencana kesehatan dan kemanusiaan di abad ini yang berimbas pada semua lini kehidupan manusia. Berawal dari masalah kesehatan, dampak pandemi Covid-19 telah meluas ke masalah sosial, masalah ekonomi, bahkan ke sektor keuangan,&rdquo; tuturnya.</p>\r\n\r\n<p>Disampaikan Presiden, program pemulihan ekonomi akan terus dilanjutkan bersamaan dengan reformasi di berbagai bidang. &rdquo;Kebijakan relaksasi defisit melebihi 3 persen dari PDB masih diperlukan, dengan tetap menjaga kehati-hatian, kredibilitas, dan kesinambungan fiskal,&rdquo; ujarnya.</p>\r\n\r\n<p>Oleh karena itu, Presiden sampaikan rancangan kebijakan APBN 2021 diarahkan untuk:</p>\r\n\r\n<p><strong>Pertama,</strong>&nbsp;mempercepat pemulihan ekonomi nasional akibat pandemi Covid-19;</p>\r\n\r\n<p><strong>Kedua,</strong>&nbsp;mendorong reformasi struktural untuk meningkatkan produktivitas, inovasi, dan daya saing ekonomi;</p>\r\n\r\n<p><strong>Ketiga,</strong>&nbsp;mempercepat transformasi ekonomi menuju era digital; dan</p>\r\n\r\n<p><strong>Keempat,</strong>&nbsp;pemanfaatan dan antisipasi perubahan demografi.</p>\r\n\r\n<p>Karena akan banyak ketidakpastian, Presiden menyampaikan RAPBN harus mengantisipasi ketidakpastian pemulihan ekonomi dunia, volatilitas harga komoditas, serta perkembangan tatanan sosial ekonomi dan geopolitik, dan efektivitas pemulihan ekonomi nasional, serta kondisi dan stabilitas sektor keuangan.</p>\r\n\r\n<p>&rdquo;Pelaksanaan reformasi fundamental juga harus dilakukan: reformasi pendidikan, reformasi kesehatan, reformasi perlindungan sosial, dan reformasi sistem penganggaran dan perpajakan,&rdquo; jelas Presiden.</p>\r\n\r\n<p>Presiden Joko Widodo menyampaikan bahwa asumsi indikator ekonomi makro yang dipergunakan adalah pertumbuhan ekonomi tahun 2021 diperkirakan akan mencapai 4,5 persen sampai dengan 5,5 persen dan tingkat pertumbuhan ekonomi ini diharapkan didukung oleh peningkatan konsumsi domestik serta investasi sebagai motor penggerak utama.</p>\r\n\r\n<p>Dalam RAPBN tahun 2021, Presiden sampaikan defisit anggaran direncanakan sekitar 5,5 persen dari PDB atau sebesar Rp971,2 triliun sehingga defisit ini lebih rendah dibandingkan defisit anggaran tahun 2020 sekitar 6,34 persen dari PDB atau sebesar Rp1.039,2 triliun.</p>',	'berita/ohbOWVxhqCDrKZOaYUNgSWOtMiXdrOUwJn3qzHVw.jpeg',	'2020-08-22 03:44:27',	'2020-08-22 03:44:27'),
(8,	2,	'Prangko, Salah Satu Media Visualisasi Peristiwa Bersejarah Bangsa',	'prangko-salah-satu-media-visualisasi-peristiwa-bersejarah-bangsa-',	'<p><strong>Jakarta, Kominfo</strong>&nbsp;&ndash; Sejarah panjang penggunaan prangko membuktikan bahwa prangko tidak hanya berfungsi sebagai alat pembayaran pengiriman pos, tetapi juga menjadi media visualisasi peristiwa bersejarah suatu bangsa. Oleh karena itu, berbagai negara di dunia termasuk Indonesia sering mengabadikan berbagai peristiwa bersejarahnya dalam bentuk gambar atau disain khusus di prangko.</p>\r\n\r\n<p>&ldquo;Perjalanan panjang sejarah prangko membuktikan bahwa prangko bukan hanya sekedar sebagai alat bayar pengiriman pos, namun juga sebagai media visualisasi nilai-nilai keberagaman masyarakat bahkan kedaulatan suatu negara,&rdquo; ujar Wakil Presiden (Wapres) K.H. Ma&rsquo;ruf Amin pada acara Peluncuran Prangko Seri Presiden dan Wakil Presiden RI, Prangko 75 Tahun Indonesia Merdeka, Prangko Penanggulangan Covid-19, dan Prangko Artis Group Musik Ternama yang diselenggarakan oleh Kementerian Komunikasi dan Informatika secara virtual, Rabu (19/08/2020).</p>\r\n\r\n<p>Lebih lanjut Wapres menuturkan, seiring dengan pesatnya perkembangan teknologi informasi, terdapat pergeseran cara berkomunikasi masyarakat yaitu melalui penggunaan teknologi modern. Namun hal tersebut tidak menurunkan popularitas prangko. Walaupun tidak banyak dipakai sebagai alat pembayaran pos, tetapi populer digunakan sebagai media untuk mengabadikan momen-momen penting dan bersejarah.</p>\r\n\r\n<p>&ldquo;Prangko saat ini tidak banyak lagi digunakan sebagai alat pembayaran pengiriman pos. Namun, peran Prangko masih tetap menjadi media yang dapat mengabadikan momen-momen khusus, bersejarah, diplomasi dan hubungan internasional,&rdquo; tutur Wapres.</p>\r\n\r\n<p>Selain itu, ungkap Wapres, peminat prangko juga telah menembus batas, baik usia maupun geografis. Sehingga, banyak orang yang memiliki kegemaran untuk mengumpulkan prangko.</p>\r\n\r\n<p>&ldquo;Prangko klasik salah satunya menjadi salah satu benda koleksi yang bernilai sangat tinggi yang digemari oleh para kolektor di Indonesia bahkan dunia,&rdquo; imbuhnya.</p>\r\n\r\n<p>Oleh karena itu, Wapres berpesan bahwa peluncuran prangko edisi khusus kali ini, yang juga merupakan rangkaian Peringatan Hari Ulang Tahun Ke-75 Republik Indonesia, harus menjadi momentum bangkitnya semangat masyarakat di tengah pandemi Corona Virus Disease 2019 (Covid-19), untuk tetap produktif dan inovatif dalam berbagai bidang khususnya bidang seni dan budaya demi kemajuan bangsa.</p>\r\n\r\n<p>&ldquo;Meskipun saat ini kita sedang menghadapi pandemi Covid-19, kita sebagai bangsa yang besar, harus terus dapat maju, produktif dan berkarya, serta berinovasi di semua bidang kehidupan bangsa khususnya bidang seni dan budaya,&rdquo; pesannya.</p>\r\n\r\n<p>Karena, lanjutnya, sejarah telah membuktikan bahwa Indonesia adalah bangsa yang besar dan mampu menghadapi berbagai macam tantangan dalam berbangsa dan bernegara.</p>\r\n\r\n<p>&ldquo;Oleh karena itu, prangko seri telekomunikasi prima menjadi penting untuk kita terbitkan,&rdquo; tegas Wapres.</p>\r\n\r\n<p>Pada kesempatan yang sama, tak lupa Wapres juga memberikan apresiasinya kepada para dokter dan tenaga medis yang tengah berjuang membantu penanganan pandemi Covid-19. Selain itu, apresiasi juga diberikan untuk pelaku ekonomi kreatif yakni para seniman dan artis musik Indonesia yang telah memberikan karya-karyanya dan menjadi bagian penting kreativitas negara ini.</p>\r\n\r\n<p>&ldquo;Prangko Seri Penanggulangan Covid-19 yang diterbitkan adalah salah satu wujud apresiasi Pemerintah kepada para dokter dan tenaga medis, yang menjadi pejuang garda terdepan di bidang kesehatan, dan telah menunjukkan semangat dan integritas yang tinggi untuk membantu sesama dalam menghadapi pandemi Covid-19 ini,&rdquo; tutur Wapres.</p>\r\n\r\n<p>&ldquo;Semoga para seniman dan musisi dapat tetap berkarya dan berkreasi mengobarkan semangat perjuangan termasuk dalam menginspirasi bangsa Indonesia, khususnya dalam melawan Covid-19,&rdquo; harapnya.</p>\r\n\r\n<p>Sebagai informasi, penggunaan prangko dimulai pada tanggal 6 Mei 1840 di Inggris. Ketika itu, untuk pertama kalinya prangko mulai disematkan pada surat-surat yang akan dikirim sebagai bagian dari ongkos pengiriman. Di Indonesia, Prangko pertama diedarkan pada 1864, dan pada 1 April 1964 diterbitkan prangko seri peringatan 100 tahun digunakannya prangko di tanah air.</p>\r\n\r\n<p>Selain menjadi alat bayar pengiriman pos, prangko juga memiliki unsur aktualitas atau berkaitan dengan peristiwa yang terjadi pada satu waktu. Sekalipun kepingnya relatif kecil tetapi prangko sarat mengandung makna tentang berbagai fenomena. Oleh karena itu, prangko telah menjadi bagian penting dari setiap peristiwa bersejarah bangsa dan masyarakat Indonesia.&nbsp;</p>',	'berita/mgJwXNKFJ0cjVhMOj7qN6vBTo2lrTY1jKhQ8RHNt.jpeg',	'2020-08-22 03:47:01',	'2020-08-22 03:47:01'),
(9,	2,	'Tingkatkan Kualitas Produk Lokal, Pemerintah Luncurkan Pasar Laut Indonesia',	'tingkatkan-kualitas-produk-lokal-pemerintah-luncurkan-pasar-laut-indonesia-',	'<p>Jakarta, Kominfo - Pemerintah melalui Kementerian Kelautan dan Perikanan (KKP) meluncurkan program Pasar Laut Indonesia yang akan menjadi payung program bagi UMKM unggulan KKP untuk dipromosikan sebagai bagian dari program Bangga Buatan Indonesia.</p>\r\n\r\n<p>Menteri Koordinator Maritim dan Investasi Binsar Luhut Pandjaitan menilai keberadaan Pasar Laut Indonesia bisa menjadi solusi bangkitnya usaha mikro kecil dan menengah (UMKM) yang sempat mengalami kendala akibat pandemi Covid-19.</p>\r\n\r\n<p>&quot;(Pandemi) berdampak pada turunnya daya beli masyarakat. Ini terjadi di dunia, bukan hanya di Indonesia. Tidak terkecuali terhadap pembelian produk-produk UMKM, termasuk produk UMKM sektor kelautan dan perikanan,&quot; ujar Menteri Luhut dalam video yang ditayangkan saat soft launching Pasar Laut Indonesia di Kantor KKP, Jakarta Pusat, Rabu (19/08/2020).</p>\r\n\r\n<p>Keberadaan Pasar Laut Indonesia yang diinisiasi Kementerian Kelautan dan Perikanan (KKP) merupakan perpanjangan tangan pemerintah pusat dalam membantu pelaku UMKM di bidang kelautan dan perikanan.</p>\r\n\r\n<p>Peran pemerintah, sambung Luhut, di antaranya memelopori pembelian produk UMKM, membantu mempromosikan produk UMKM, serta memasukkan produk UMKM dalam ekosistem digital.</p>\r\n\r\n<p>&quot;Pasar Laut Indonesia memfasilitas produk UMKM menjadi produk yang unggul dan berdaya saing, serta mudah diakses sehingga masyarakat Indonesia semakin bangga dan memiliki rasa nasionalisme yang tinggi untuk mencintai dan membeli produk kelautan dan perikanan dari hasil karya anak negeri,&quot; terangnya.&nbsp;</p>\r\n\r\n<p>Di samping itu, Pasar Laut Indonesia merupakan bagian dari gerakan nasional Bangga Buatan Indonesia (BBI). Semakin banyak produksi UMKM diharapkan meningkatkan rasa nasionalisme masyarakat, sehingga lebih memilih menggunakan produk dalam negeri.&nbsp;</p>\r\n\r\n<p>Menteri Luhut meyakini kualitas produk akan mempengaruhi daya beli masyarakat. Semakin unggul produk yang dihasilkan, semakin tertarik masyarakat untuk membeli. Daya beli masyarakat tentunya akan berpengaruh pada pertumbuhan ekonomi daerah dan nasional.&nbsp;</p>\r\n\r\n<p>&quot;Yang akhirnya dapat meningkatkan kesejahteraan masyarakat UMKM dan Indonesia. Dan pemerintah membangun dan mendorong infrastruktur untuk ini semua, sehingga UMKM yang jauh dari pusat akan terfasilitasi kegiatannya,&quot; pungkas Luhut.&nbsp;</p>\r\n\r\n<p>Sementara itu, Menteri Kelautan dan Perikanan Edhy Prabowo menjelaskan Pasar Laut Indonesia tujuannya untuk meningkatkan kompetensi dan kapasitas UMKM sektor kelautan dan perikanan melalui fasilitasi dan bimbingan teknis.</p>\r\n\r\n<p>Di dalamnya meliputi akses dan perluasan skema pembiayaan, peningkatan kualitas SDM, peningkatan nilai tambah produk, peningkatan dan perluasan jangkauan pemasaran, dan penguatan kelembagaan usaha.&nbsp;</p>\r\n\r\n<p>Sejauh ini KKP sudah ada 800 UMKM yang masuk seleksi dari 2.000 pelaku usaha yang ditargetkan. Usaha dibagi dalam tiga kategori, yaitu UMKM Binaan, UMKM Bagus, dan UMKM Unggulan.</p>\r\n\r\n<p>&quot;Ini menggairahkan sektor kelautan dan perikanan, karena mayoritas dari sektor ini adalah para pelaku usaha kecil,&quot; ujar Menteri Edhy.</p>\r\n\r\n<p>Pasar Laut Indonesia akan memilih beragam produk UMKM binaan KKP lalu menyeleksi unggulannya. Produk unggulan ini akan dipromosikan dengan beragam strategi pemasaran efektif melalui event dan media komunikasi konvensional maupun digital.</p>',	'berita/gNAFwBBL4ZeJoP1L6GeUgeeJMNCpPCNTeuY00bji.jpeg',	'2020-08-22 03:47:43',	'2020-08-22 03:47:43'),
(10,	2,	'Wapres: Tingkatkan Semangat Juang Hadapi Krisis Akibat Pandemi',	'wapres-tingkatkan-semangat-juang-hadapi-krisis-akibat-pandemi-o9j3A',	'<p><strong>Jakarta, Kominfo</strong>&nbsp;&ndash; Wabah Corona&nbsp;<em>Virus Disease</em>&nbsp;2019 (Covid-19) yang semula merupakan masalah kesehatan kini telah menimbulkan disrupsi terhadap sendi-sendi kehidupan sosial, budaya, peribadatan, kegiatan keagamaan, keamanan, ekonomi masyarakat, hingga kondisi keuangan negara. Untuk itu, seluruh elemen bangsa diharapkan memiliki semangat juang untuk menghadapi situasi krisis akibat pandemi Covid-19 ini.</p>\r\n\r\n<p>&ldquo;Saya mengajak kita semua, para penyelengara negara, para pimpinan partai, organisasi, tokoh masyarakat serta segenap elemen bangsa Indonesia, untuk menggelorakan kembali semangat juang kita sebagai bangsa Indonesia. Situasi krisis tidak boleh membuat kita lemah ataupun lengah, apalagi menyerah, putus asa dan kehilangan arah,&rdquo; tegas Wakil Presiden (Wapres) K. H. Ma&rsquo;ruf Amin pada acara Peringatan Hari Konstitusi Tahun 2020 melalui&nbsp;<em>video conference</em>&nbsp;dari kediaman resmi Wapres, Jalan Diponegoro No. 2, Jakarta, Rabu (18/08/2020).</p>\r\n\r\n<p>&nbsp;</p>\r\n\r\n<p>Lebih jauh Wapres juga mengajak seluruh pihak untuk bekerjasama sebagai upaya mempercepat penanganan wabah Covid-19 dan dampak yang ditimbulkannya.</p>\r\n\r\n<p>&ldquo;Mari kita bersatu dalam menghadapi tantangan pandemi Covid-19 dan krisis ekonomi sebagai musuh bersama yang harus kita tundukkan. Bila kita tengok kembali sejarah kemerdekaan Indonesia, persatuan dan solidaritas nasional adalah kunci keberhasilan tercapainya Proklamasi 17 Agustus 1945,&rdquo; ungkap Wapres.</p>\r\n\r\n<p>Pada kesempatan tersebut, Wapres menyampaikan apresiasi atas dukungan penuh yang diberikan MPR, DPR, dan DPD RI dalam proses legislasi penanganan Covid-19, dan percepatan pemulihan ekonomi nasional. Ia juga mengucapkan terima kasih atas bantuan berbagai pihak dalam melawan situasi pandemi ini.</p>\r\n\r\n<p>&ldquo;Pemerintah juga sangat menghargai uluran tangan dan kontribusi kalangan swasta, para dokter dan tenaga kesehatan, ASN, TNI dan POLRI, para peneliti, para guru dan para pemuka agama serta tokoh masyarakat dan para relawan yang tanpa pamrih telah turut menyumbangkan tenaga, pikiran dan bahkan mempertaruhkan nyawanya,&rdquo; ucapnya.</p>\r\n\r\n<p>Di akhir sambutannya, Wares mengajak semua pihak untuk bersama melaksanakan amanat terpenting dari UUD 1945, yaitu penghormatan atas hak azazi manusia. Selain itu ia juga mengingatkan semua lapisan masyarakat untuk terus menjalankan protokol kesehatan yang ditetapkan pemerintah.</p>\r\n\r\n<p>&ldquo;Bentuk paling nyata pada saat ini adalah diperlukannya kepatuhan semua orang, termasuk diri kita sendiri, untuk secara disiplin menjalankan protokol kesehatan yang ditetapkan pemerintah yaitu cuci tangan, kenakan masker, jaga jarak fisik dan jarak sosial,&rdquo; pungkas Wapres.</p>\r\n\r\n<p>Sebelumnya, Ketua MPR RI Bambang Soesatyo mengatakan bahwa konstitusi dan negara merupakan bagian yang tidak terpisahkan, karena tanpa konstitusi negara tidak akan pernah lahir.</p>\r\n\r\n<p>&ldquo;Kelahiran negara adalah bagian tidak terpisahkan dari konstitusi negara tersebut. Konstitusi mengatur hal fundamental dalam suatu negara,&rdquo; ucapnya.</p>\r\n\r\n<p>Bambang pun menjelaskan bahwa konstitusi berperan dalam 3 hal yakni instrumen hukum pembatasan kekuasaan, mengatur hubungan antar lembaga negara beserta wewenangnya, dan mengatur hubungan negara dengan masyarakat, masyarakat dengan masyarakat terkait hak konstitusionalnya.</p>\r\n\r\n<p>Hadir pula dalam acara tersebut Ketua DPR RI Puan Maharani, Menteri Koordinator Politik, Hukum dan Keamanan Mahfud MD, serta para pimpinan fraksi di DPR RI.</p>',	'berita/RcNMZXP9EMnMddWx5QEzu2I7DGiRiOdKOjvEJtRi.jpeg',	'2020-08-22 03:48:30',	'2020-08-22 03:52:14'),
(12,	3,	'Beasiswa DTS 2020 Daring, Stimulus Kominfo untuk Ciptakan Talenta Digital',	'beasiswa-dts-2020-daring-stimulus-kominfo-untuk-ciptakan-talenta-digital-tnCAe',	'<p><strong>Siaran Pers No. 96/HM/KOMINFO/08/2020</strong></p>\r\n\r\n<p><strong>Sabtu, 15 Agustus 2020</strong></p>\r\n\r\n<p><strong>Tentang</strong></p>\r\n\r\n<p><strong>Beasiswa DTS 2020 Daring,&nbsp; Stimulus Kominfo untuk Ciptakan Talenta Digital</strong></p>\r\n\r\n<p>Pemerintah berupaya mempercepat transformasi digital di Indonesia. Presiden Joko Widodo menyatakan transformasi digital disiapkan dan direncanakan secara matang, termasuk talenta digital.</p>\r\n\r\n<p>Salah satu hal penting yang disiapkan Pemerintah adalah pemenuhan kebutuhan sumberdaya manusia talenta digital. Presiden menyatakan agar dapat terbangun ekosistem yang baik dibutuhkan kurang lebih 600.000 per tahun kebutuhan talenta digital.</p>\r\n\r\n<p>Menindaklanjuti arahan Kepala Negara untuk mempersiapkan sumberdaya manusia yang kuat, Menteri Komunikasi dan Informatika Johnny G. Plate menyatakan Kementerian Kominfo telah menyiapkan program stimulus berupa pelatihan daring.</p>\r\n\r\n<p>&quot;Membangun transformasi digital kita harus mempunyai SDM digital yang kuat. Kominfo memberikan stimulus dengan program <em>Digital Talent Scholarship</em>,&quot; tutur Menteri Komunikasi dan Informatika Johnny G. Plate.</p>\r\n\r\n<p>Menurut Menteri Johnny, stimulus yang diberikan berupa beasiswa pelatihan daring hasil kerja sama dengan perusahaan teknologi global dan perguruan tinggi ternama di Indonesia.</p>\r\n\r\n<p>&quot;Kami bekerja dengan ekosistem baik itu perusahaan teknologi global, pendidikan tinggi, kementerian dan lembaga lain agar kita mampu menghasilkan sumberdaya manusia digital indonesia yang mampu mendukung transformasi digital Indonesia,&quot; paparnya.</p>\r\n\r\n<p>Dalam Peringatan Hari Ulang Tahun ke-75 Kemerdekaan Republik Indonesia, Kementerian Kominfo kembali membuka pendaftaran beasiswa pelatihan daring<em> Digital Talent Scholarship</em> 2020.&nbsp;</p>\r\n\r\n<p>&quot;Pelatihan ini dilaksanakan secara daring dengan beragam tema pelatihan baru yang pastinya makin keren dari tema pelatihan sebelumnya,&quot; tutur Kepala Badan Litbang SDM Kementerian Kominfo, Basuki Yusuf Iskandar.</p>\r\n\r\n<p>&nbsp;</p>\r\n\r\n<p><strong>Ragam Pilihan Akademi</strong></p>\r\n\r\n<p>Ada enam akademi yang dibuka sejak tanggal 11 Agustus 2020, yaitu <em>Vocational School Graduate Academy </em>(VSGA), <em>Fresh Graduate Academy</em> (FGA), <em>Thematic Academy </em>(TA), <em>Regional Development Academy </em>(RDA), <em>Digital Entreprenuership Academy</em> dan <em>Online Academy</em>.</p>\r\n\r\n<p>Setiap peserta terpilih berkesempatan mengikuti pelatihan dan sertifikasi untuk meningkatkan keterampilan di bidang teknologi informasi.&nbsp;</p>\r\n\r\n<p>&quot;Tahun ini, beradaptasi dengan kebiasaan baru, VSGA dan FGA berlangsung dalam jaringan. Materi pelatihan yang diberikan terdiri dari <em>technical skills</em> dan <em>soft skills development</em>,&quot; jelas Basuki.</p>\r\n\r\n<p>Pelatihan VSGA membuka pendaftaran mulai 11 Agustus 2020 dengan 7 tema pelatihan. Pelatihan ini diperuntukkan bagi Lulusan SMK, D3 dan D4 jurusan TIK, Elektro, Telekomunikasi, Desain Komunikasi Visual, Animasi, Multimedia, atau yang terkait.</p>\r\n\r\n<p>Pelaksanaan VSGA bekerja sama dengan Unit Pelaksana Teknis Kementerian Kominfo dan Mitra Perguruan Tinggi ternama yang tersebar di seluruh Indonesia, dan peserta dapat mengikuti sertifikasi berbasis SKKNI setelah mengikuti pelatihan.</p>\r\n\r\n<p>Pelatihan FGA membuka pendaftaran mulai 14 Agustus 2020 dengan 7 tema pelatihan, diperuntukan bagi Lulusan&nbsp; D3, D4, atau Strata-1 yang terkait terkait dalam bidang TIK, MIPA, dan Teknik lainnya. Pelatihan itu selain bekerja sama dengan perguruan tinggi ternama Indonesia juga didukung oleh <em>Global Technology Companies. </em>Peserta berkesempatan untuk mengikuti sertifikasi global apabila memenuhi persyaratan<em>.</em></p>\r\n\r\n<p>Program <em>Thematic Academy</em> (TA) merupakan program pelatihan multisektor bagi pengembangan sumberdaya manusia dari jenjang dan multidisplin yang berbeda.</p>\r\n\r\n<p>&quot;Program <em>Regional Development Academy</em> (RDA) merupakan program pelatihan pengembangan sumberdaya manusia yang ditujukan untuk meningkatkan kompetensi ASN di Kawasan Prioritas Pariwisata dan 122 Kabupaten Prioritas Pembangunan,&quot; tutur Kepala Badan Litbang SDM.</p>\r\n\r\n<p>Adapun <em>Digital Entrepreneurship Academy</em> (DEA) merupakan program pelatihan pengembangan sumberdaya manusia yang ditujukan kepada talenta digital di bidang Usaha Mikro, Kecil, dan Menengah (UMKM).</p>\r\n\r\n<p>Program <em>Digital Talent Scholarship </em>dapat diakses secara gratis tanpa dipungut biaya apapun dan peserta akan mendapatkan Sertifikat.</p>\r\n\r\n<p>&quot;Bahkan bagi yang memenuhi syarat di beberapa tema tertentu bisa mengikuti sertifikasi global,&quot; jelas Basuki.</p>\r\n\r\n<p>Beasiswa pelatihan <em>Digital Talent Scholarship</em> tahun ini disiapkan untuk menjangkau 60.000 peserta.</p>',	'berita/CJGD6QelpQgbQo2RN8QC2CmHLeR3CNX7ElluCGXx.jpeg',	'2020-08-24 03:10:44',	'2020-08-24 03:19:42'),
(13,	3,	'Kontingen Bali Rebut Juara Umum Kejurnas Virtual Tandoku Shorinji Kempo',	'kontingen-bali-rebut-juara-umum-kejurnas-virtual-tandoku-shorinji-kempo-',	'<p><strong>Siaran Pers No. 95/HM/KOMINFO/08/2020</strong></p>\r\n\r\n<p><strong>Jumat, 14 Agustus 2020</strong></p>\r\n\r\n<p><strong>Tentang</strong></p>\r\n\r\n<p><strong>Kontingen Bali Rebut Juara Umum Kejurnas Virtual Tandoku Shorinji Kempo</strong></p>\r\n\r\n<p>Kontingen Shorinji Kempo Provinsi Bali berhasil merebut gelar Juara Umum dalam Kejuaraan Nasional (Kejurnas) Tandoku Shorinji Kempo Piala Menteri Komunikasi dan Informatika Tahun 2020. Kejurnas yang berlangsung secara virtual selama dua hari dari tanggal 13 s.d. 14 Agustus 2020 merupakan perhelatan olahraga Kempo pada masa pandemi Covid-19 dengan peserta terbanyak.</p>\r\n\r\n<p>Gelar juara umum berhak disandang Kontingen Kempo Bali setelah merebut dua medali emas, satu perak, dan satu perunggu.&nbsp;Dua medali emas masing-masing diraih Kenshi Griselda Nadya Billy pada kategori Yudhansa II/III DAN Putri, dan Erasmus Naris Fendi di kelas Yudhansa I DAN Putra. Medali perak untuk Yudhansa II/III DAN diperoleh Rudy Sihaloho, dan sekeping perunggu Tandoku Kyukenshi Putri disumbang oleh Ni Kadek Ayu Juniantari.</p>\r\n\r\n<p>Griselda Nadya Billy menyabet medali emas di kategori <em>embu solo</em> Yudansha II/III-DAN putri dengan meraih poin tertinggi 279. Sementara medali perak diraih Kenshi putri NTT atas nama Aldiani A.H Deny dengan torehan poin terpaut tipis yakni 275. Sedangkan medali perunggu diraih Kenshi asal DKI Jakarta, Hafsah L. Khairunnisa dengan poin 268.</p>\r\n\r\n<p>Sementara Kenshi Erasmus Naris Fendi yang turut mendapatkan 1 emas Bali di kategori embu Yudansha I DAN putra, meraih total 272. Pada kategori ini, peraih medali emas, perak dan perunggu untuk total poin yang didapat, hanya berselisih 1 poin saja.&nbsp;</p>\r\n\r\n<p>Sekretaris Jenderal Kementerian Kominfo, Rosarita Niken Widiastuti menyampaikan apresiasi atas terlaksananya Kejurnas virtual Tandoku Shorinji Kempo tahun 2020 meski digelar dengan penuh keterbatasan di masa pandemi.</p>\r\n\r\n<p>&ldquo;Saya sangat bangga dan memberikan apresiasi yang tinggi karena kejurnas ini diikuti oleh 293 Atlet Kempo di seluruh Indonesia. Ini serasa capaian yang luar biasa mengingat Kominfo baru lama kali menyelenggarakan Kejurnas Kempo ini dan tentunya Kempo ini perlu terus disosialisasikan, mengingat nilai-nilai dari Kempo itu sangat penting sekali dimiliki oleh generasi muda Indonesia,&rdquo; ujarnya ketika mewakili Menteri Kominfo Johnny G. Plate dalam penutupan Kejurnas dari Aula Anantakupa Kementerian Kominfo, Jakarta, Jumat (14/08/2020).</p>\r\n\r\n<p>Sekjen Kementerian Kominfo menilai, di era sekarang ini Indonesia perlu bersama-sama membangun karakter dari generasi muda. &ldquo;Melalui Kempo inilah akan terbangun karakter-karakter yang kuat, karakter-karakter yang mempunyai jati diri bangsa Indonesia, saling menghormati, saling menghargai satu sama lain,&rdquo; tandasnya.</p>\r\n\r\n<p>Dalam tayangan video, Menteri&nbsp;Kominfo Johnny G. Plate memberikan apresiasi kepada seluruh Atlet Kempo di seluruh Indonesia yang telah berpartisipasi mengikuti Kejuaraan Nasional Tandoku Shorinji Kempo Piala Menteri Komunikasi dan Informatika Tahun 2020.</p>\r\n\r\n<p>&ldquo;Saya menyampaikan terima kasih atas partisipasinya untuk mengikuti kejuaraan ini. Jaga sportivitas Atlet, bangun spirit Olimpiade, tetap kuat, tetap sehat di masa pandemi Covid-19, dan tetap jaga protokol kesehatan secara disiplin,&rdquo; ujarnya melalui tayangan video dalam acara penutupan Kejurnas Virtual Tandoku Shorinji Kempo dari Aula Anantakupa Kementerian Kominfo, di hari yang sama.</p>\r\n\r\n<p>Adanya pandemi Covid-19, turut mendorong pelaksanaan Shorinji Kempo tahun ini digelar berbeda dari tahun-tahun sebelumnya. Gelaran virtual yang bertajuk &ldquo;Meraih Prestasi di masa pandemi untuk Indonesia Maju&rdquo; itu, menjadi penanda kebangkitan semangat Indonesia untuk beradaptasi terhadap kebiasaan baru dan percepatan transformasi digital di sektor olahraga.</p>\r\n\r\n<p><strong>Punya Makna Yang Besar</strong></p>\r\n\r\n<p>Senada dengan Menteri Kominfo, Founding Father untuk Indonesia Indra Kartasasmitha dalam sambutannya turut menyampaikan bahwa kegiatan yang disaksikan oleh lebih dari 300.000 Kenshi yang tersebar di 33 provinsi, 343 kabupaten Kota dan 1.800 Dojo di Indonesia ini juga mendapat apresiasi dari Direktur World Shorinji Kempo Organization (WSKO) Indonesia Beni Sukawanto.</p>\r\n\r\n<p>&nbsp;</p>\r\n\r\n<p>&nbsp;</p>\r\n\r\n<p>&ldquo;Saya mendapat telepon dari WSKO betapa mereka kagum. Saya sampaikan, memangnya yang bisa cuma Jepang? Bukan hanya Jepang, tetapi kita sudah sering mengalahkan Jepang pada pertandingan-pertandingan di mana-mana. Hanya modalnya kesungguhan, disiplin, dan persaudaraan,&rdquo; jelasnya.</p>\r\n\r\n<p>Lebih lanjut, menurut Indra terselenggaranya Kejurnas secara virtual ini memiliki makna yang sungguh sangat besar artinya, di mana melalui teknologi olahraga beladiri Kempo di Indonesia mendapat jalan keluar untuk berlatih dan berprestasi.</p>\r\n\r\n<p>&ldquo;Lewat kejuaraan ini, sangat menolong kami karena sudah terlalu lama tidak diperkenankan berlatih berpasangan. Inilah jalan keluarnya, bukan hanya berlatih tapi kita dapat mempertandingkan Shorinji Kempo di dalam individual dan virtual,&rdquo; ungkapnya.</p>\r\n\r\n<p>Kepada seluruh atlet Shorinji Kempo di seluruh Tanah Air yang mengikuti Kejurnas Virtual, Indra mengatakan untuk tetap berpegang kepada Motto Shorinji Kempo yaitu: &ldquo;Kasih Sayang Tanpa Kekuatan Adalah Kelemahan. Kekuatan Tanpa Kasih Sayang Adalah Kezaliman&quot;. &ldquo;Motto itu memiliki arti bilamana dianggap ada pemenang, yang menang adalah kita semua. Yang menang adalah seluruh Shorinji Kempo dan yang menang adalah Republik Indonesia,&rdquo; ucapnya.</p>\r\n\r\n<p>Ketua Umum Pengurus Provinsi (Pengprov) Perkemi Bali Adi Priyanto mengungkapkan kebanggaan atas prestasi Kenshi Bali dalam Kejurnas itu. Menurutnya hal itu menjadi buah kerja keras latihan yang dijalani selama ini.</p>\r\n\r\n<p>&ldquo;Dukungan penuh dari kami, membuat semangat para Atlet meraih Medali dan sukses menjadi Juara Umum Piala Menteri Kominfo. Target kami untuk menjadi juara bisa terealisasi. Ini sangat membanggakan bagi kami, ternyata apa yang kami harapkan dan inginkan sesuai dengan yang diberikan tim kempo Bali,&rdquo; tuturnya di Balai Komunikasi Mengwi, Bali.</p>\r\n\r\n<p>Menurut Ketum Adi, hasil ini semakin menunjukkan jika Bali di nomor baru tersebut kian disegani oleh para rival dari seluruh provinsi Indonesia yang ikut ambil bagian pada Kejurnas tersebut.</p>\r\n\r\n<p>Hadir dalam penutupan Kepala Biro Keuangan Kominfo selaku Ketua Panitia, Bambang Sigit Nugroho; Kepala Sekolah Tinggi Multi Media (STMM) Kominfo, Noor Iza; Ketua PB PERKEMI Saifudin Aswari; serta perwakilan dari Bakti Kominfo dan PT. Telkom Indonesia. Hadir pula secara virtual Kepala Balmon Spektrum Frekuensi Radio di seluruh Indonesia, Atlet/Kenshi, Pelatih dan Manajer di seluruh Indonesia.</p>',	'berita/PMYoqpVuaf3I95dsRx4hcaGPBrphP0yiRi3oeXa1.jpeg',	'2020-08-24 03:12:05',	'2020-08-24 03:12:05'),
(14,	4,	'Mudahkan PJJ, Kemenkominfo targetkan layanan 4G di 12.548 desa',	'mudahkan-pjj-kemenkominfo-targetkan-layanan-4g-di-12548-desa-',	'<p>&nbsp;</p>\r\n\r\n<p>&quot;Jadi targetnya di akhir Tahun 2022, seluruh desa ini sudah selesai pembangunannya sehingga bisa terjangkau dengan layanan 4G,&quot; kata Direktur Utama Badan Aksesibilitas Telekomunikasi dan Informatika (BAKTI) Kominfo Anang Achmad Latif dalam webinar bertema Pembelajaran Jarak Jauh (PJJ) di Wilayah 3T antara Harapan dan Kenyataan di Jakarta, Selasa.</p>\r\n\r\n<p>&nbsp;</p>\r\n\r\n<p>Terkait dengan layanan 4G tersebut, Kemkominfo berupaya mempermudah jangkauan internet di seluruh desa di Indonesia sehingga lebih memudahkan akses informasi secara daring, terutama untuk PJJ daring di tengah pandemi COVID-19.</p>\r\n\r\n<p>&nbsp;</p>\r\n\r\n<p>Ia mengatakan dari 83.218 desa di Indonesia, masih ada 12.548 desa yang belum mendapatkan layanan 4G.</p>\r\n\r\n<p>&nbsp;</p>\r\n\r\n<p>Layanan 4G tersebut, menurut dia, penting diupayakan karena memiliki kecepatan akses cukup cepat sehingga siswa di sekolah maupun di pesantren, terutama di daerah-daerah tertinggal, terdepan, dan terluar (3T) dapat mengikuti PJJ secara daring dengan lebih mudah.</p>\r\n\r\n<p>&nbsp;</p>\r\n\r\n<p>&quot;Nah, ini tahapan (pembangunan, red.) yang dikomitmenkan Pak Menteri kepada Presiden di mana ia menargetkan penyelesaian 9.113 di akhir tahun 2022. Jadi di tahun 2020, ada 1.200 desa yang kami targetkan selesai bisa 4G, lalu meningkat di 2021 ada 5.409 desa. Ini secara akumulatif angkanya. Dan terakhir di 2022 9.113 di daerah 3T ini bisa terselesaikan semuanya,&quot; katanya.</p>\r\n\r\n<p>&nbsp;</p>\r\n\r\n<p>Selain layanan 4G, pemerintah juga berupaya menyiapkan layanan fix broadband berupa Wifi di seluruh layanan publik di 150 ribu titik di seluruh Indonesia.</p>\r\n\r\n<p>&nbsp;</p>\r\n\r\n<p>&quot;Layanan publik ini bisa berupa sekolah, pesantren, dan ini semua layanannya gratis,&quot; katanya.</p>\r\n\r\n<p>&nbsp;</p>\r\n\r\n<p>Ia menjelaskan tentang penggunaan layanan publik itu.</p>\r\n\r\n<p>&nbsp;</p>\r\n\r\n<p>&quot;Berbeda dengan 4G di mana penggunanya ini wajib mengikuti ketentuan yang ada di pasar, yaitu membayar tarif pulsa. Tapi berbeda dengan Wifi, yang dibangun hanya di sekolah-sekolah, di kantor-kanto pemda, termasuk di kantor-kantor desa, fasilitas kesehatan di puskesmas-puskesmas, di polsek dan lainnya. Ini sebanyak 150 ribu titik,&quot; kata dia.</p>',	'berita/9LLfwZ7F6laxoXco50RHW9753ql4r8j6vWBFVCGE.jpeg',	'2020-08-24 03:20:47',	'2020-08-24 03:20:47'),
(15,	4,	'Menkominfo Yakin Indonesia Tangguh Hadapi Pandemi',	'menkominfo-yakin-indonesia-tangguh-hadapi-pandemi-',	'<p>&nbsp;</p>\r\n\r\n<p>Dalam video di akun YouTube resmi Kemkominfo TV, Johnny berkata bahwa Indonesia Maju bukan sekadar tema perayaan HUT ke-75 Republik Indonesia. Namun dalam upaya perwujudannya, dibutuhkan kerja sama seluruh elemen bangsa.</p>\r\n\r\n<p>&nbsp;</p>\r\n\r\n<p>&quot;Saya dan kita semua harus optimis bahwa ketangguhan bangsa kita ini dapat menghantarkan kita menuju Indonesia Maju, seperti tema Hari Kemerdekaan tahun ini. Indonesia Maju bukan hanya slogan, tapi sebuah kenyataan yang pasti akan terwujud dengan kerja bersama dari seluruh elemen bangsa; saya, Anda, dan kita semua,&quot; kata Johnny.</p>\r\n\r\n<p>&nbsp;</p>\r\n\r\n<p>Lebih lanjut, ia meminta agar masyarakat mematuhi protokol kesehatan yang ditetapkan oleh pemerintah. Johnny yakin, pemerintah dan rakyat bisa mengalahkan pandemi dengan tetap menjadi produktif dan menjaga kesehatan. Ketangguhan bangsa Indonesia, ucap Johnny, tengah diuji oleh pandemi.</p>\r\n\r\n<p>&nbsp;</p>\r\n\r\n<p>&quot;Dengan kedisiplinan dari seluruh warga, saya yakin kita mampu melaksanakan dengan baik arahan Presiden Bapak Joko Widodo untuk dapat beradaptasi dengan kebiasaan baru yang produktif dan aman Covid-19. Dan pada akhirnya, kita mampu memutus rantai penyebaran Covid-19 di Indonesia,&quot; ujarnya.</p>\r\n\r\n<p>&nbsp;</p>\r\n\r\n<p>Johnny menambahkan, &quot;Perjalanan panjang bangsa ini telah membuktikan bahwa kita adalah bangsa yang berbudaya luhur, bangsa yang menjunjung tinggi keberagaman, bangsa yang tangguh menghadapi berbagai macam tantangan, dan bangsa yang besar di antara bangsa-bangsa lain di dunia.</p>\r\n\r\n<p>Ketangguhan bangsa kita juga terbukti saat ini ketika kita menghadapi tantangan Covid-19.&quot;</p>',	'berita/A8cYzeRrUdNP5xpZpXEqhUgw00BtLE2WOi4dL2P4.jpeg',	'2020-08-24 03:21:49',	'2020-08-24 03:21:49'),
(16,	4,	'Sorotan Media     Meski Pandemi COVID-19, Kominfo Minta Anak Indonesia Semangat   19 08-2020  60 Meski Pandemi COVID-19, Kominfo Minta Anak Indonesia Semangat Belajar',	'sorotan-media-meski-pandemi-covid-19-kominfo-minta-anak-indonesia-semangat-19-08-2020-60-meski-pandemi-covid-19-kominfo-minta-anak-indonesia-semangat-belajar-',	'<p>&ldquo;Sekarang kita sedang berjuang melawan COVID-19, tidak boleh pesimis, harus optimistis. Kalian adalah masa depan Indonesia,&rdquo; kata Sekretaris Jenderal (Sekjen) Kemenkominfo, Rosarita Niken Widiastuti saat pembukaan &ldquo;Lomba Membaca Puisi Aku Cinta Negeri Indonesia Maju Tingkat SD dan SMP&rdquo;, secara virtual, Selasa (18/8/2020).</p>\r\n\r\n<p>&nbsp;</p>\r\n\r\n<p>Lomba membaca puisi bertajuk &ldquo;Berkibarlah Merah Putih, Aku Cinta Negeri Indonesia Maju&rdquo; merupakan kerja sama Paduan Suara Merah Putih dengan Kemenkominfo untuk memeriahkan Hari Kemerdekaan Republik Indonesia ke-75.</p>\r\n\r\n<p>&nbsp;</p>\r\n\r\n<p>Kepada para peserta lomba, Niken mengingatkan, pejuang bukan hanya mereka yang memanggul senjata, ada orang-orang yang berjuang dengan pena salah satunya dengan menulis puisi.</p>\r\n\r\n<p>&nbsp;</p>\r\n\r\n<p>Puisi-puisi tersebut, salah satunya &ldquo;Aku&rdquo; karya Chairil Anwar, membangkitkan semangat dan optimisme para pejuang. &ldquo;Ketika berjuang, tidak ada rasa takut, pesimis, tapi, optimistis,&rdquo; kata Niken.</p>\r\n\r\n<p>&nbsp;</p>\r\n\r\n<p>Dalam acara tersebut, Niken berpesan kepada para peserta lomba untuk menggunakan media sosial untuk kegiatan-kegiatan yang positif. &ldquo;Gunakan media sosial untuk hal yang positif, mencari ilmu, belajar dan bersosialisasi,&rdquo; kata Niken.</p>\r\n\r\n<p>&nbsp;</p>\r\n\r\n<p>Lomba membaca puisi Aku Cinta Negeri Indonesia Maju diikuti sekitar 200 pelajar tingkat SD dan SMP dari berbagai daerah di Indonesia.</p>\r\n\r\n<p>&nbsp;</p>\r\n\r\n<p>Dari ratusan peserta tersebut, terdapat masing-masing 10 pelajar untuk tingkat SD dan SMP yang maju ke babak final, yang dilakukan secara virtual hari ini.</p>\r\n\r\n<p>&nbsp;</p>\r\n\r\n<p>Kemenkominfo berharap lomba ini dapat dimanfaatkan para pelajar untuk saling mengenal, demi memperkuat persatuan dan kesatuan.</p>',	'berita/SnCMKBQdqyN55Ii4GBc8aW0ds6MVgoTNndHi7Mo2.jpeg',	'2020-08-24 03:22:31',	'2020-08-24 03:22:31'),
(17,	4,	'Sambut HUT RI Ke-75, Kominfo Gelar Lomba Podcast',	'sambut-hut-ri-ke-75-kominfo-gelar-lomba-podcast-',	'<p><strong>Jakarta, Beritasatu.com -&nbsp;</strong>Kementerian Komunikasi dan Informatika (Kominfo) menggelar lomba konten <em>podcast</em> dalam rangka memperingati hari kemerdekaan ke-75 Republik Indonesia.</p>\r\n\r\n<p>Perayaan Hari Kemerdekaan tahun ini tentu berbeda dari sebelumnya karena bersamaan dengan mewabahnya pandemi Covid-19. Namun, ini bukan berarti masyarakat Indonesia berhenti berkarya.</p>\r\n\r\n<p>Melalui lomba <em>podcast</em>, Kominfo mengajak masyarakat untuk memberikan berbagai pandangan dan pengalaman dalam memaknai nilai kemerdekaan di tengah mewabahnya virus corona.</p>\r\n\r\n<p>Isi <em>podcast</em> dapat mengisahkan bagaimana peserta berkarya meski dalam kondisi pandemi Covid-19 ini. <em>Podcast</em> juga bisa menceritakan upaya menggali potensi dan mewujudkan kemandirian diri. Peserta juga bisa menyoroti inovasi-inovasi yang muncul akibat adanya pandemi.</p>\r\n\r\n<p>Tema ini tentunya harus berlandaskan semangat kebangsaan dan nilai-nilai Pancasila untuk mencapai cita-cita perjuangan dan kemerdekaan.</p>\r\n\r\n<p>&ldquo;Seperti yang tercantum dalam pembukaan UUD 1945 yaitu Indonesia yang merdeka, bersatu, berdaulat, adil, dan makmur dengan tetap memperhatikan seluruh protokol di masa pandemi Covid-19,&rdquo; demikian pernyataan Kominfo, dikutip dari laman resminya.</p>\r\n\r\n<p>Penilaian karya terbagi berdasarkan empat kategori yakni kesesuaian dengan tema (40%), cara penyampaian atau storytelling (30%), kualitas audio (20%), serta elemen pendukung lainnya seperti visual (10%).</p>\r\n\r\n<p>Nantinya, karya peserta akan dinilai oleh dewan juri yang terdiri dari kalangan praktisi <em>podcaster</em>, akademisi, dan perwakilan Kominfo.</p>\r\n\r\n<p>Juara III akan memperoleh hadiah sebesar Rp 10 juta, diikuti dengan juara II Rp 7 juta, dan juara III Rp 5 juta. Sebanyak 34 peserta pilihan juri akan mendapatkan hadiah masing-masing sebesar Rp 2 juta.</p>',	'berita/uwf2rB11geMXDI4Ok4HjVGAjJzh6aIsAknj2exLr.jpeg',	'2020-08-24 03:23:29',	'2020-08-24 03:23:29'),
(25,	3,	'Bawa Pesan Nilai Kebersamaan dan Perjuangan, Pemerintah Terbitkan 4 Seri Prangko',	'bawa-pesan-nilai-kebersamaan-dan-perjuangan-pemerintah-terbitkan-4-seri-prangko-',	'<p><strong>Siaran Pers No. 97/HM/KOMINFO/08/2020</strong></p>\r\n\r\n<p><strong>Rabu, 19 Agustus 2020</strong></p>\r\n\r\n<p><strong>Tentang</strong></p>\r\n\r\n<p><strong>Bawa Pesan Nilai Kebersamaan dan Perjuangan, Pemerintah Terbitkan 4 Seri Prangko</strong></p>\r\n\r\n<p>&nbsp;</p>\r\n\r\n<p>Pemerintah menerbitkan empat seri prangko dalam momentum Peringatan 75 tahun Kemerdekaan RI untuk mengembangkan nuansa kebersamaan dan nilai perjuangan. Keempat seri itu antara lain Prangko Seri Presiden Republik Indonesia dan Wakil Presiden Republik Indonesia, 75 Tahun Indonesia Merdeka, Penanggulangan Covid-19, serta Artis dan Grup Musik Ternama.</p>\r\n\r\n<p>Wakil Presiden KH Ma&rsquo;ruf Amin menyatakan prangko menjadi bagian penting bagi sejarah bangsa. Prangko bukan sekadar alat bayar pengiriman benda pos. Namun, menjadi media visualisasi keberagaman masyarakat dan kedaulayan negara.</p>\r\n\r\n<p>&ldquo;Prangko memiliki aktualitas atau peristuwa yang terjadi suatu waktu. Sekalipun kepingnya sangat kecil tapi sangat sarat mengandung berbagai fenomena,&rdquo; katanya dalam Peluncuran Prangko Presiden Republik Indonesia dan Wakil Presiden Republik Indonesia,&nbsp; 75 Tahun Indonesia Merdeka, Penanggulangan Covid-19, serta Artis dan Grup Musik Ternama secara virtual di Jakarta, Rabu (19/08/2020).</p>\r\n\r\n<p>Peluncuran 4 seri prangko secara bersamaan menurut Wakil Presiden merupakan bagian dari rangkaian Hari Kemerdekan ke-75&nbsp; Republik Indonesia</p>\r\n\r\n<p>&ldquo;Sejalan dengan teknologi informasi terjadi pergeseran cara berkomunikasi masyarakat, prangko tidak banyak lagi digunakan. Namun, prangko masih menjadi media untuk mengabadikan momen khusus bersejarah, diplomasi dan hubungan internasional,&rdquo; tutur Wapres.</p>\r\n\r\n<p>Menurut Wakil Presiden sebagai bangsa yang besar, Indonesia harus tetap maju, produktif dan berkarya di tengah pandemi Covid-19. &ldquo;Kita sebagai bangsa yang besar harus dapat maju, produktif, dan berkarya serta berinovasi di berbagai bidang kehidupan khususnya di bidang seni dan budaya,&rdquo; tandasnya.</p>\r\n\r\n<p>Wakil Presiden menyatakan penerbitan Seri Penanggulangan Covid-19 merupakan bentuk penghargaan kepada tenaga kesehatan yang berada dalam garda terdepan dalam melawan pandemi Covid-19.</p>\r\n\r\n<p>&ldquo;Salah satu wujud apresasi Pemerintah kepada para dokter dan tenaga medias yang teah menujukkan semanat dan integritas yang tiggi untuk memabtu sesama dalam menghadapi pandemi,&rdquo; tuturnya.</p>\r\n\r\n<p>Selain itu, prangko artis menjadi bentuk apresiasi kepada seniman dan artis musik agar dapat berkarya dan berkreasi untuk menginspirasi bangsa dalam melawan pandemi.</p>\r\n\r\n<p>&ldquo;Semoga para seniman dan musisi dapat terus berkarya, mengobarkan semangat berjuaang menginsiprasi bangsa Indonesia,&rdquo; tuturnya sebelum&nbsp;menandatangani Sampul Hari Pertama Prangko 4 seri yang diluncurkan</p>\r\n\r\n<p>&nbsp;</p>\r\n\r\n<p><strong>Pesan dalam 4 Seri Prangko</strong></p>\r\n\r\n<p>Menteri Komunikasi dan Informatika Johnny G. Plate menyatakan penerbitan keempat seri prangko tersebut dilaksanakan secara bersamaan karena semangat dan pesan yang disampaikan selaras dengan nuansa dan nilai-nilai perjuangan dalam rangka merayakan Hari Ulang Tahun Kemerdekaan ke-75 Republik Indonesia.</p>\r\n\r\n<p>&ldquo;Prangko memiliki nilai yang tinggi dalam hubungan internasional, pendidikan, dan sebagai media promosi bagi segala kekayaan dan keunggulan bangsa dan negara kita. Serta menjadi alat untuk mengabadikan peristiwa yang sifatnya fenomenal,&rdquo; paparnya.</p>\r\n\r\n<p>Penerbitan 4 seri prangko oleh Kementerian Kominfo mewakili Negara dan Pemerintah dimaksudkan menandai peringatan Hari Ulang Tahun Kemerdekaan ke-75 Republik Indonesia.</p>\r\n\r\n<p>&ldquo;Prangko Hari Ulang Tahun Kemerdekaan ke-75 Republik Indonesia tidak saja memiliki nilai intrinsik, nilai nominal namun juga nilai memorabilia, menjadi kenangan dalam sejarah panjang kehidupan berbangsa dan bernegara,&rdquo; jelas Menteri Kominfo.</p>\r\n\r\n<p>Menurut Menteri Johnny kenangan akan Hari Ulang Tahun Kemerdekaan ke-75 Republik Indonesia&nbsp; tahun ini menjadi menarik karena selain mengenang perjuangan bangsa dan negara melawan pandemi Covid-19.</p>\r\n\r\n<p>&ldquo;Mengenang pahlawan kemerdekaan sekaligus mengenang jasa pahlawan kesehatan dalam darurat kesehatan di zaman sekarang yang juga mempertaruhkan jiwa dan raga memerangi pandemi Covid-19,&rdquo; tegasnya.</p>\r\n\r\n<p>Prangko Seri Presiden dan Wakil Presiden menurut Menteri Johnny sangat penting dan fenomenal sebagai dokumen negara berupa prangko istimewa Presiden dan Wakil Presiden.</p>\r\n\r\n<p>&ldquo;Prangko Seri Presiden dan Wakil Presiden selalu ditunggu kehadirannya di negara kita. Presiden dan Wakil Presiden selalu diabadikan ketokohannya dalam bentuk prangko khusus,&rdquo; jelasnya.</p>\r\n\r\n<p>Menurut Menteri Kominfo, negara-negara lain juga memiliki kebiasaan dimana penghormatan kepada kepala negaranya dilakukanan antara lain dalam penerbitan prangko. &ldquo;Prangko seri Presiden Joko Widodo dan Wakil Presiden&nbsp; K.H. Ma&rsquo;ruf Amin adalah bentuk penghormatan kita kepada beliau sebagai kepala negara yang telah dipilih oleh rakyat Indonesia. Tentu melalu sirkulasi demokrasi yang demikian hebatnya,&rdquo; tegasnya.</p>\r\n\r\n<p>Mengenai Prangko Seri Penanggulangan Covid-19, Menteri Johnny menjelaskan sebagai apresiasi kepada tenaga kesehatan dan semua pihak yang telah berjuang memberikan layanan kesehatan kepada masyarakat dan masih terus berjuang dalam penanggulangan pandemi Covid-19 yang merupakan tanggung jawab bersama.</p>\r\n\r\n<p>&ldquo;Kita patut mengungkapkan rasa terima kasih kepada tenaga kesehatan dan semua pihak yang terlibat yang menjadi garda terdepan dalam menghadapi pandemi saat ini. Penerbitan prangko terkait Covid-19 ini menjadi peristiwa yang sangat langka,&rdquo; jelasnya.</p>\r\n\r\n<p>Adapun Prangko Seri Artis, Grup Musik Ternama yang bertujuan memberikan penghargaan kepada para artis dan grup musik ternama yang telah berjasa dalam mengembangkan seni musik Indonesia,</p>\r\n\r\n<p>Menurut Menteri Kominfo hal itu ditujukan untuk mendorong kemajuan dunia seni musik serta mensosialisasikan nilai-nilai budaya luhur dan perjuangan di tanah air melalui lagu-lagu mereka.</p>\r\n\r\n<p>&ldquo;Prangko seri tokoh musik dan artis ini menampilkan empat gambar tokoh artis musisi ternama di Indonesia, yaitu Titiek Puspa, Gesang (alm.), Gombloh (alm.), dan Chrisye (alm.). Sedangkan&nbsp; empat gambar grup musik ternama, terdiri atas Koes Plus, Panbers, God Bless, dan Bimbo,&rdquo; jelasnya.</p>\r\n\r\n<p>Menteri Johnny menyatakan, usisi ternama yang mendapat penghargaan untuk diprangkokan, telah menciptakan banyak &nbsp;lagu .</p>\r\n\r\n<p>&ldquo;Diantaranya lagu bertema Covid-19, seperti lagu yang digubah oleh Titiek Puspa dan kelompok Bimbo. Hal ini menunjukkan adanya hubungan kuat antara keberadaan artis dan musisi Indonesia dengan perjuangan melawan pandemi Covid-19,&rdquo; jelasnya.</p>\r\n\r\n<p>Hadir dalam acara itu Menteri Koordinator Bidang Polhukam, Mahfud MD, Menteri Sekretaris Negara Pratikno, Menteri Dalam Negeri Tito Karnavian, Menteri Kesehatan Terawan Agus Putranto, Kepala BNPB Doni Monado dan Wakil Menteri BUMN II Kartiko Wirjoatmodjoo.</p>\r\n\r\n<p>Selain itu juga hadir secara virtual Pejabat Pimpinan Tinggi Madya&nbsp; kementerian dan lembaga, Ketua Umum Perkumpulan Filatelis Indonesia, Ketua Ikatan Dokter Indonesia (IDI),&nbsp; Ketum Asosiasi Penyelenggara Telekomunikasi Seluruh Indonesia, Ketum Asosiasi Perusahaan Jasa Pengiriman Ekspres, Pos dan Logistik&nbsp; dan Direktur Utama PT. Pos Indonesia serta Direktur Utama Perum PERURI.</p>',	'berita/0TkYbjMSuaq40j43GWZxFTxCwcgjLg9oVdC6XHM2.jpeg',	'2020-08-24 03:41:57',	'2020-08-24 03:41:57'),
(26,	4,	'Kominfo Bakal Kembangkan Aplikasi yang Ramah Bagi Penyandang Disabilitas',	'kominfo-bakal-kembangkan-aplikasi-yang-ramah-bagi-penyandang-disabilitas-',	'<p>jpnn.com, JAKARTA - Kementerian Komunikasi dan Informatika (Kominfo) berupaya memberikan sosialisasi dan komunikasi yang efektif kepada setiap kelompok masyarakat. Demi memutus mata rantai Covid-19, pelayanan publik harus bisa diakses oleh seluruh lapisan masyarakat, tak terkecuali kelompok disabilitas.</p>\r\n\r\n<p>Meskipun begitu, Dirjen Informasi dan Komunikasi Publik Kominfo Prof. Dr. Widodo Muktiyo mengakui bahwa pemenuhan kebutuhan bagi kelompok disabilitas bukanlah persoalan yang sederhana, karena harus ada alat atau tools khusus untuk bisa diakses oleh kelompok ini.</p>\r\n\r\n<p>&quot;Program Kominfo semuanya menyangkut layanan publik di era Covid-19 dengan mengembangkan berbagai macam aplikasi dengan memanfaatkan teknologi digital bagi seluruh masyarakat, termasuk bagi kelompok disabilitas. Kominfo akan mengembangkan aplikasi yang ramah bagi kelompok disabilitas, misalnya aplikasi sosialisasi pencegahan Covid-19 dengan menggunakan huruf brailler,&rdquo; ujarnya dalam webinar bertajuk Perlindungan Perempuan dan Anak Disabilitas di Era Adaptasi Kebiasaan Baru, Jumat (14/8).</p>\r\n\r\n<p>Perhatian serius dari pemerintah terhadap disabilitas sangat penting, karena menurut data dari Kementerian Sosial, kelompok ini sangat rentan terinfeksi Covid-19. &ldquo;Penyandang disabilitas dengan ragam disabilitasnya merupakan salah satu kelompok rentan yang terinfeksi Covid-19. Kelompok ini juga mengalami diskriminasi berlapis dampak dari situasi ganda sebagai perempuan dan sebagai penyandang disabilitas,&rdquo; tuturnya.</p>\r\n\r\n<p>Masalah lainnya, penyandang disabilitas ternyata memiliki persoalan serius dalam akses pendidikan selama Covid-19. Hal itu dibeberkan oleh Kementerian Pemberdayaan Perempuan dan Perlindungan Anak. &ldquo;Penyandang disabilitas kesulitan memahami secara utuh bagaimana menerapkan protokol Covid-19 dengan benar. Selain itu, sekolah luar biasa yang tidak mempunyai cukup sarana untuk melakukan pembelajaran daring maupun jarak jauh meniadakan proses pembelajaran,&rdquo; tandas Sekretaris Deputi Bidang Perlindungan Anak, Kementerian PPPA Dermawan.</p>\r\n\r\n<p>&nbsp;</p>',	'berita/wEGLpU10dwYHiCuPhRzwqZWfQonWIxWJxUm9mXuc.jpeg',	'2020-08-24 03:45:06',	'2020-08-24 03:45:06'),
(27,	5,	'Bersama Lindungi Data Pribadi di Platform Digital',	'bersama-lindungi-data-pribadi-di-platform-digital-',	'<p><strong>Jakarta, Kominfo</strong>&nbsp;- Di era digital seperti sekarang ini, data pribadi seseorang sangatlah mudah ditemukan di dunia maya. Entah itu yang sengaja diunggah oleh sang pemilik, maupun yang disalahgunakan oleh oknum tidak bertanggung jawab.</p>\r\n\r\n<p>Maka itu, negara wajib melindungi data pribadi warganya. Tetapi, negara juga tidak bisa bekerja sendiri. Semua pihak juga harus turut andil dalam upaya pelindungan data pribadi. Siapa saja semua pihak tersebut?</p>\r\n\r\n<p>Pertama, tentu adalah Pemerintah selaku penyelenggara negara. Oleh karenanya, Pemerintah bersama Dewan Perwakilan Rakyat (DPR) RI saat ini tengah membahas Rancangan Undang-Undang (RUU) Pelindungan Data Pribadi (PDP) sebagai payung hukumnya.</p>\r\n\r\n<p>Mengingat pentingnya keberadaan aturan ini, RUU PDP pun masuk dalam daftar Program Legislasi Nasional (Prolegnas) Prioritas 2020. RUU PDP ditargetkan rampung pada Oktober mendatang.</p>\r\n\r\n<p>Bila sudah sah menjadi UU, Indonesia akan menjadi negara kelima di Asia Tenggara yang memiliki aturan terkait pelindungan data pribadi. Sebelumnya Singapura, Malaysia, Thailand, dan Filipina, sudah mengatur perlindungan data pribadi. Sementara di tingkat dunia, Indonesia bisa menjadi negara ke-127 yang memiliki aturan yang biasa disebut sebagai&nbsp;<em>General Data Protection Regulation</em>&nbsp;(GDPR) itu.</p>\r\n\r\n<p>Kedua adalah&nbsp;<em>data controller</em>&nbsp;atau pengendali data pribadi. Mereka wajib melindungi data pribadi seseorang dan itu sudah tertuang dalam RUU PDP. Adapun yang dimaksud pengendali data pribadi adalah pihak yang menentukan tujuan dan melakukan kendali pemrosesan terhadap data pribadi.</p>\r\n\r\n<p>Pengendali data pribadi di sini bisa Pemerintah maupun swasta. Dari Pemerintah, misalnya, adalah Direktorat Jenderal Kependudukan dan Pencatatan Sipil (Ditjen Dukcapil) Kementerian Dalam Negeri (Kemendagri) yang mencatat data pribadi penduduk untuk kepentingan negara maupun publik.</p>\r\n\r\n<p>Sementara dari pihak swasta, marketplace bisa menjadi salah satu contohnya. Sebab, untuk dapat menggunakan atau mengakses semua layanan yang diberikan, masyarakat harus memasukan data pribadinya. Berdasarkan RUU PDP, maka kedua pihak tersebut wajib melindungi data pribadi yang tercatat dalam&nbsp;<em>database</em>&nbsp;mereka.</p>\r\n\r\n<p>Kemudian yang ketiga adalah&nbsp;<em>data owner</em>&nbsp;atau pemilik data pribadi itu sendiri. Masyarakat juga harus memiliki pemahaman bahwa data pribadi merupakan sesuatu yang penting untuk dijaga kerahasiaannya dan tidak sembarangan diumbar di ranah publik. Pasalnya, saat ini kita dapat dengan mudah menemukan data pribadi seseorang seperti Kartu Tanda Penduduk (KTP) di dunia maya.</p>\r\n\r\n<p>Pihak terakhir yang juga memiliki kewajiban melindungi data pribadi adalah penegak hukum. Wujud pelindungan di sini adalah apabila sudah terjadi tindak pidana penyalahgunaan data pribadi seseorang, maka penegak hukum wajib melindungi hak pemilik data yang dilanggar oleh pengendali data.</p>\r\n\r\n<p><strong>Hak Pemilik Data Pribadi</strong></p>\r\n\r\n<p>Data pribadi, dalam RUU PDP, didefinisikan sebagai setiap data tentang seseorang, baik yang teridentifikasi dan/atau dapat diidentifikasi secara tersendiri atau dikombinasi dengan informasi lainnya, baik secara langsung maupun tidak langsung melalui sistem elektronik dan/atau nonelektronik.</p>\r\n\r\n<p>Data pribadi sendiri dibagi menjadi dua jenis. Pertama, data pribadi yang bersifat umum, seperti nama lengkap, jenis kelamin, kewarganegaraan, agama, dan/atau data pribadi yang dikombinasikan untuk mengidentifikasi seseorang.</p>\r\n\r\n<p>Kedua, data pribadi yang bersifat spesifik, meliputi data dan informasi kesehatan, data biometrik, data genetika, kehidupan/orientasi seksual, pandangan politik, catatan kejahatan, data anak, data keuangan pribadi, dan/atau data lainnya sesuai dengan ketentuan peraturan perundang-undangan.</p>\r\n\r\n<p>Lalu apa saja hak yang dimiliki oleh pemilik data pribadi? Bila melihat RUU PDP, setidaknya ada 12 hak. Di antaranya meminta infromasi tentang kejelasan identitas, dasar kepentingan hukum, tujuan permintaan dan penggunaan data pribadi, dan akuntabilitas pihak yang meminta data pribadi; melengkapi data pribadi miliknya sebelum diproses oleh pengendali data pribadi; dan mengakses data pribadi miliknya.</p>\r\n\r\n<p>Kemudian memperbarui dan/atau memperbaiki kesalahan dan/atau ketidakakuratan data pribadi miliknya; mengakhiri pemrosesan, menghapus, dan/atau memusnakan data pribadi miliknya; dan menarik kembali persetujuan pemrosesan data pribadi miliknya yang telah diberikan kepada pengendali data pribadi.</p>\r\n\r\n<p>Selanjutnya mengajukan keberatan atas tindakan pengambilan keputusan yang hanya didasarkan pada pemrosesan secara otomatis terkait profil seseorang; memilih atau tidak memilih pemrosesan data pribadi melalui mekanisme pseudonim untuk tujuan tertentu; dan menunda atau membatasi pemrosesan data pribadi secara proporsional sesuai dengan tujuan pemrosesan data pribadi.</p>\r\n\r\n<p>Lalu menuntut dan menerima ganti rugi atas pelanggaran data pribadi miliknya; mendapatkan dan/atau menggunakan data pribadi miliknya dari pengendali data pribadi dalam bentuk yang sesuai dengan struktur dan/atau format yang lazim digunakan atau dapat dibaca oleh sistem elektronik atau perangkat keras yang digunakan dalam interoperabilitas antarsistem elektronik; serta menggunakan dan mengirimkan data pribadi miliknya ke pengendali data pribadi lainnya, sepanjang sistem tersebut dapat saling berkomunikasi secara aman sesuai dengan prinsip pelindungan data pribadi berdasarkan UU ini.</p>\r\n\r\n<p><strong>Sanksi Kebocoran dan Penyalahgunaan Data</strong></p>\r\n\r\n<p>Seperti halnya harapan masyarakat, Pemerintah juga berharap RUU PDP ini dapat segera disahkan menjadi UU agar bisa memayungi masyarakat dari kebocoran dan penyalahgunaan data pribadi.</p>\r\n\r\n<p>Namun demikian, apabila setelah disahkan menjadi UU dan kebocoran serta penyalahgunaan data pribadi tetap terjadi, pada Bab XIII dalam draf RUU yang bisa diunduh di laman Kemkominfo itu telah memuat sejumlah ketentuan pidana yang terdiri atas sembilan pasal.</p>\r\n\r\n<p>Pasal 61 ayat (1), misalnya, menyebutkan bahwa setiap orang yang dengan sengaja memperoleh atau mengumpulkan data pribadi yang bukan miliknya dengan maksud untuk menguntungkan diri sendiri atau orang lain secara melawan hukum atau dapat mengakibatkan kerugian Pemilik Data Pribadi sebagaimana dimaksud dalam Pasal 51 ayat (1) dipidana dengan pidana penjara paling lama lima tahun atau pidana denda paling banyak Rp50 miliar.</p>\r\n\r\n<p>Sementara ayat (2) berbunyi setiap orang yang dengan sengaja dan melawan hukum mengungkapkan data pribadi yang bukan miliknya sebagaimana dimaksud dalam Pasal 51 ayat (2) dipidana dengan pidana penjara paling lama dua tahun atau pidana denda paling banyak Rp20 miliar.</p>\r\n\r\n<p>Sedangkan ayat (3) berisi setiap orang yang dengan sengaja dan melawan hukum menggunakan data pribadi yang bukan miliknya sebagaimana dimaksud dalam Pasal 51 ayat (3) dipidana dengan pidana penjara paling lama tujuh tahun atau pidana denda paling banyak Rp70 miliar.</p>\r\n\r\n<p>Kemudian Pasal 62 menyatakan setiap orang yang dengan sengaja dan melawan hukum memasang dan/atau mengoperasikan alat pemroses atau pengolah data visual di tempat umum atau fasilitas pelayanan publik yang dapat mengancam atau melanggar pelindungan data pribadi sebagaimana dimaksud dalam Pasal 52, dipidana dengan pidana penjara paling lama satu tahun atau pidana denda paling banyak Rp10 miliar.</p>\r\n\r\n<p>Selanjutnya dalam Pasal 63 disebutkan setiap orang yang dengan sengaja dan melawan hukum menggunakan alat pemroses atau pengolah data visual yang dipasang di tempat umum dan/atau fasilitas pelayanan publik yang digunakan untuk mengidentifikasi seseorang sebagaimana dimaksud dalam Pasal 53 dipidana dengan pidana penjara paling lama satu tahun atau pidana denda paling banyak Rp10 miliar.</p>\r\n\r\n<p>Pasal 64 yang memuat dua ayat menyebutkan bahwa setiap orang yang dengan sengaja memalsukan data pribadi dengan maksud untuk menguntungkan diri sendiri atau orang lain atau yang dapat mengakibatkan kerugian bagi orang lain sebagaimana dimaksud dalam Pasal 54 ayat (1) dipidana dengan pidana penjara paling lama enam tahun atau pidana denda paling banyak Rp60 miliar.</p>\r\n\r\n<p>Selain itu, setiap orang yang dengan sengaja menjual atau membeli data pribadi sebagaimana dimaksud dalam Pasal 54 ayat (2) dipidana dengan pidana penjara paling lama lima tahun atau pidana denda paling banyak Rp50 miliar.</p>\r\n\r\n<p>Selain dijatuhi pidana sebagaimana dimaksud dalam Pasal 61 sampai dengan Pasal 64, pada Pasal 65 menyatakan terhadap terdakwa juga dapat dijatuhi pidana tambahan berupa perampasan keuntungan dan/atau harta kekayaan yang diperoleh atau hasil dari tindak pidana dan pembayaran ganti kerugian.</p>\r\n\r\n<p>Selanjutnya, Pasal 66 mengatur mengenai pihak mana saja yang dapat dikenakan pidana. Dalam ayat (1) disebutkan, dalam hal tindak pidana sebagaimana dimaksud dalam Pasal 61 sampai dengan Pasal 64 dilakukan oleh korporasi, pidana dapat dijatuhkan kepada pengurus, pemegang kendali, pemberi perintah, pemilik manfaat, dan/atau korporasi.</p>\r\n\r\n<p>Kemudian ayat (2) menyebutkan pidana yang dapat dijatuhkan terhadap korporasi hanya pidana denda. Sementara ayat (3) menyebutkan pidana denda yang dijatuhkan kepada korporasi paling banyak tiga kali dari maksimal pidana denda yang diancamkan.</p>\r\n\r\n<p>Terakhir, ayat (4) menyatakan, selain dijatuhi pidana denda sebagaimana dimaksud pada ayat (2), korporasi dapat dijatuhi pidana tambahan berupa perampasan keuntungan dan/atau harta kekayaan yang diperoleh atau hasil dari tindak pidana, pembekuan seluruh atau sebagian usaha korporasi, pelarangan permanen melakukan perbuatan tertentu, penutupan seluruh atau sebagian tempat usaha dan/atau kegiatan korporasi, melaksanakan kewajiban yang telah dilalaikan, dan pembayaran ganti kerugian.</p>\r\n\r\n<p>Keberadaan UU ini memang merupakan suatu keniscayaan, bahkan keharusan yang tidak dapat ditunda-tunda lagi karena sangat mendesak bagi berbagai kepentingan nasional dan publik.</p>\r\n\r\n<p>Selain itu, keberadaan UU ini juga merupakan amanat dari Pasal 28G ayat (1) Undang-Undang Dasar Negara Republik Indonesia Tahun 1945 yang menyatakan bahwa setiap orang berhak atas perlindungan diri pribadi, keluarga, kehormatan, martabat, dan harta benda yang di bawah kekuasaannya, serta berhak atas rasa aman dan perlindungan dari ancaman ketakutan untuk berbuat atau tidak berbuat sesuatu yang merupakan hak asasi.</p>\r\n\r\n<p>Namun demikian, seperti sudah ditegaskan di awal, upaya pelindungan data pribadi tidak bisa semata-mata hanya diserahkan kepada pemerintah selaku penyelenggara negara saja. Semua pihak harus berkolaborasi dan saling mendukung agar pelindungan data pribadi dapat berjalan secara maksimal.&nbsp;</p>',	'berita/fMxqKA8wvammTNq5B7nIFneAatA7LOVA64ceFVVo.jpeg',	'2020-08-24 03:58:21',	'2020-08-24 03:58:21'),
(28,	5,	'Pulau Morotai Jadi Referensi Pembangunan Infrastruktur TIK Nasional',	'pulau-morotai-jadi-referensi-pembangunan-infrastruktur-tik-nasional-',	'<p>Pulau Morotai, Kominfo - Pemerintah serius membangun infrastruktur nasional termasuk infrastruktur teknologi informasi dan komunikasi (TIK) di seluruh pelosok Indonesia. Menteri Komunikasi dan Informatika Johnny G. Plate menyatakan Pulau Morotai sebagai salah satu referensi pengembangan dan pembangunan infrastruktur TIK nasional.</p>\r\n\r\n<p>&quot;Pemerintah pusat melalui Presiden Jokowi, itu secara sungguh-sungguh ingin menyelesaikan seluruh infrastruktur nasional kita. Tentu termasuk infrastruktur teknologi informasi dan komunikasi (TIK),&quot; ujar Menteri Komunikasi dan Informatika Johnny G. Plate ketika berbincang secara virtual dengan Bupati Pulau Morotai Benny Laos dari Jakarta, Rabu (29/07/2020).&nbsp;</p>\r\n\r\n<p>Menteri Kominfo menyatakan pembangunan yang berlangsung selama ini sudah luar biasa, meskipun masih perlu ditindaklanjuti untuk pemerataan akses sampai ke seluruh negeri.</p>\r\n\r\n<p>&quot;Sudah hebat, sudah luar biasa, tapi masih perlu diteruskan karena ada beberapa ribu desa yang belum tersedia sinyal 4G sehingga belum ada kemampuan internet cepat,&quot; jelasnya.&nbsp;</p>\r\n\r\n<p>Apalagi di tengah pandemi Covid-19 yang memaksa percepatan transformasi digital di Indonesia, menurut Menteri Johnny dibutuhkan ketersediaan infrastruktur TIK yang memadai agar tidak ada kendala.</p>\r\n\r\n<p>&quot;Covid-19 merancang dunia, merangsang Indonesia, merangsang Morotai juga untuk melakukan percepatan transformasi digital. Tanpa tersedianya infrastruktur TIK yang memadai tentu akan berkendala besar kita untuk memasuki era transformasi digital,&quot; tegasnya.</p>\r\n\r\n<p>Menteri Kominfo memaparkan saat ini di Provinsi Maluku Utara terdapat 347 BTS yang akan dibangun untuk mendorong pemerataan akses informasi.&nbsp;&nbsp;&quot;Masih kekurangan 17 untuk Morotai. Saya kira yang ke-17 adalah bagian dari 12.548 desa dan kelurahan di Indonesia yang harus kita bangun infrastruktur TIK-nya baik itu&nbsp;<em>fiber optic&nbsp;</em>(FO), maupun melalui&nbsp;<em>microwave link</em>&nbsp;(BTS), termasuk akses internet,&quot; ungkapnya.</p>\r\n\r\n<p>Menteri Johnny, Kementerian Kominfo berkomitmen menyelesaikan penggelaran dari infrastruktur ICT selain dari&nbsp;<em>backbone,</em>&nbsp;termasuk membangun&nbsp;<em>middle mile</em>dan&nbsp;<em>last mile</em>&nbsp;termasuk sampai di Pulau Morotai.&nbsp;</p>\r\n\r\n<p>Bincang virtual itu berlangsung dari Kantor Kementerian Kominfo dengan Bupati Benny Laos yang berada di Desa Nakamura, Morotai Selatan. Hadir secara langsung di Pulau Morotai,&nbsp;Inspektur Jenderal Kementerian Kominfo, Dody Setiyadi; Direktur Utama BAKTI Kominfo, Anang Latief dan Staf Ahli Menteri Kominfo Bidang Hukum, Henri Subiakto. Hadir pula Wakil Bupati, Asrun Padoma; Ketua DPRD Morotai, Rusminto Pawane; Sekretaris Daerah Muhammad M. Kharie;&nbsp;<em>VP Network Deployment</em>&nbsp;Telkomsel, Juanita Erawati serta&nbsp;Forkompimda Pulau Morotai.</p>\r\n\r\n<p>&nbsp;</p>\r\n\r\n<p><strong>Titik Referensi</strong></p>\r\n\r\n<p>Menurut Menteri Johnny, Pulau Morotai merupakan bagian yang strategis dari wilayah nasional Indonesia. Lokasinya berada di wilayah perbatasan dengan Pasifik Barat.&nbsp;</p>\r\n\r\n<p>&quot;Morotai itu begitu penting karena dia juga pintu gerbang depan. Kalau tidak salah juga Morotai akan menjadi salah satu dari 10 destinasi wisata penting di Indonesia yang sudah menjadi&nbsp;<em>pipeline</em>-nya pemerintah,&quot; ungkapnya.</p>\r\n\r\n<p>Menteri Kominfo menjelaskan salah satu alasan tidak jadi berangkat ke Pulau Morotai karena harus menjelaskan mengenai rencana pembangunan infrastruktur TIK.&nbsp;</p>\r\n\r\n<p>&quot;Saya tadi tidak bisa ke Morotai. Saya menyampaikan kepada Kepala Negara. Saya berencana ke sana tapi belum sempat tapi pasti saya akan kesana lagi karena Pulau Morotai menjadi salah satu titik referensi contoh wilayah-wilayah 3T lainnya dalam rangka pengembangan dan pembangunan infrastruktur TIK nasional kita,&quot; tuturnya.</p>\r\n\r\n<p>Menurut Menteri Johnny, pembangunan infrastruktur di Pulau Morotai perlu memperhatikan beberapa aspek. Mulai dari kondisi geografis serta pertimbangan kedaulatan negara.</p>\r\n\r\n<p>&quot;Wilayah yang tidak mudah dasar lautnya. Dasar lautnya itu dengan palung-palung yang dalam, dasar lautnya dengan karang atau arus bawah laut yang luar biasa, sebagian besar dasar lautnya wilayah vulkanis yang bisa sebabkan panas,&quot; paparnya seraya menambahkan panas di dasar laut akibat aktivitas vulkanis&nbsp;&nbsp;bisa merusak infrastruktur yang dibangun.&nbsp;</p>\r\n\r\n<p>Menteri Kominfo juga menyatakan Pulau Morotai juga bagian dari Alur Laut Kepulauan Indonesia. Arus bawah laut menurutnya bisa&nbsp;&nbsp;begitu kencang sehingga perlu memperhatikan ekosistem yang ada.</p>\r\n\r\n<p>&quot;Bisa saja di satu waktu dia menjadi (lokasi)&nbsp;<em>Training Ground Military Exercises Internasional</em>. Padahal di dasar laut ada banyak penggelaran&nbsp;<em>fiber optic</em>&nbsp;yang kita sediakan,&quot; jelasnya.&nbsp;&nbsp;</p>\r\n\r\n<p><strong>Internet Gratis?</strong></p>\r\n\r\n<p>Menteri Johnny mengungkapkan pulsa atau akses internet gratis dimungkinkan untuk disediakan Pemerintah. &quot;Tetapi untuk wilayah-wilayah yang sangat khusus untuk pusat-pusat pelayanan publik,&quot; tegasnya.</p>\r\n\r\n<p>Menurut Menteri Kominfo penyediaan layanan untuk masyarakat dengan radius besar bergantung pada ketersediaan&nbsp;<em>Base Transceiver Station</em>&nbsp;(BTS).&nbsp;</p>\r\n\r\n<p>&quot;Tapi, kalau akses internet itu untuk pelayanan publik yang radiusnya kecil sekitar 100 meter dan itu dihubungkan dengan satelit sehingga itu bisa gratis tapi bukan dipakai oleh publik,&quot; ungkapnya.&nbsp;</p>\r\n\r\n<p>Penggunaan akses internet gratis untuk mendukung e-Government. Jika ada kebutuhan untuk wilayah, menurut Menteri Johnny bisa dialokasikan dari anggaran pemerintah.&nbsp;</p>\r\n\r\n<p>&quot;Itu paling untuk Puskesmas yang belum ada internetnya atau desa itu hanya untuk betul-betul<em>&nbsp;electronic government</em>. Tapi kalau mau gratis untuk internet wilayah, maka saluran pembiayaan yaitu melalui pos-pos anggaran Pemerintah, bisa&nbsp;&nbsp;Pemerintah Pusat, bisa Pemerintah Daerah,&quot; jelas Menteri Kominfo.</p>\r\n\r\n<p>Oleh karena itu, Menteri Johnny mendorong Dinas Kominfo daerah menyiapkan penganggaran yang nanti disampaikan kepada Menteri Keuangan.</p>\r\n\r\n<p>&quot;Dalam dana perimbangan pusat dan daerah untuk alokasikan sebagiannya untuk tanda petik yang subsidi atau jenis pembiayaan bagi masyarakat setempat yang memang sangat diperlukan untuk pelindungan bagi program perlindungan sosial,&quot; paparnya.</p>\r\n\r\n<p>Menteri Kominfo berharap pada tahun 2021, pembangunan BTS atau&nbsp;&nbsp;akses internet bisa dilakukan lebih cepat dengan pola klaster. Targetnya dalam 2 tahun pada 2021-2022 bisa mengisi&nbsp;<em>blankspot</em>&nbsp;di Indonesia.</p>\r\n\r\n<p>&quot;Dan tahun 2023 mudah-mudahan kita sudah bisa menggunakan&nbsp;<em>high throughput satelite</em>&nbsp;yang kita bisa tempatkan di orbit pada pertengahan kuartal ketiga tahun 2023 untuk menjangkau wilayah-wilayah yang sangat jauh, sangat terpencil dan sangat sulit,&quot; jelasnya.</p>\r\n\r\n<p>Menteri Johnny juga memberikan alternatif penyediaan akses internet dan telekomunikasi. Namun, Menteri Kominfo menegaskan hal itu masih pada tahap penjajakan.&nbsp;&nbsp;</p>\r\n\r\n<p>&quot;Saya dua hari yang lalu berkomunikasi juga dengan pimpinan perusahaan di Mountain View di California yang mempunyai teknologi baru namanya Loon Technology yang menggunakan&nbsp;<em>bond</em>&nbsp;yang ditempatkan di ruang angkasa 20.000 KM di atas, itu juga ada,&quot; jelasnya.&nbsp;</p>\r\n\r\n<p>Semua alternatif langkah itu, menurut Menteri Johnny akan dipilih yang terbaik agar bisa meningkatkan perekonomian masyarakat, termasuk di Kabupaten Pulau Morotai.</p>\r\n\r\n<p>&quot;Bagi masyarakat sekalian saya tentu berharap suatu saat ke Morotai, daerah dengan riwayat dan sejarahnya yang panjang yang begitu panjang. Sejarah yang begitu panjang, pengalaman-pengalaman dan sumber daya yang dimiliki oleh Morotai itu harusnya bisa dikelola untuk akselerasi peningkatkan perekonomian masyarakat di Kabupaten Morotai,&quot; ungkapnya</p>\r\n\r\n<p>&nbsp;</p>\r\n\r\n<p><strong>Kembangkan Ekonomi</strong></p>\r\n\r\n<p>Dengan adanya infrastruktur TIK yang memadai, Menteri Johnny mengharapkan akan dapat dimanfaatkan oleh petani, nelayan, pelaku UMKM/UMi dan peternak untuk mengembangkan usaha.</p>\r\n\r\n<p>&quot;Dalam rangka mengajak serta wilayah 3T khususnya masyarakat para petani, nelayan, UMKM, UMi, dan peternak, bagaimana untuk mereka diajak serta masuk ke era baru era digitalisasi,&quot; tuturnya.</p>\r\n\r\n<p>Menteri Kominfo menyatakan Kementerian Kominfo akan selalu mendukung akselearasi pembangunan wilayah.&nbsp;&nbsp;&quot;Tugas saya sebetulnya menyambung semua<em>puzzle-puzzle&nbsp;</em>yang selama ini belum selesai agar Indonesia menjadi satu utuh bangsa Indonesia yang sama-sama kita cintai,&quot; ungkapnya.</p>\r\n\r\n<p>Oleh karena itu, Menteri Johnny mendorong agar masyarakat #BanggaBuatanIndonesia sekaligus mengajak serta seluruh UMKM dan UMi untuk masuk ke era baru era digital.&nbsp;</p>\r\n\r\n<p>&quot;Agar cinta hasil produksi Indonesia, agar perekonomian kecil kita,&nbsp;&nbsp;&nbsp;masuk ekonomi digital yang dari waktu ke waktu selalu bertumbuh dan berkembang luar biasa,&quot; ajaknya.</p>\r\n\r\n<p>Secara khusus kepada pelajar, Menteri Kominfo meminta agar terus memanfaatkan TIK untuk kemajuan dan pembangunan. Setiap infrastruktur TIK dan perangkat telekomunikasi dapat diguanakan untuk kepentingan yang baik.&nbsp;</p>\r\n\r\n<p>&quot;Jangan sampai infrastruktur kita, ruang digital kita, telekomunikasi kita, kita gunakan untuk hal-hal yang tidak bermanfaat. Misalnya, untuk tempat memproduksi hoaks. Atau handphone kita untuk searching/berselancar di ruang maya untuk konten-konten yang tidak bermanfaat,&quot; tegasnya.</p>\r\n\r\n<p>Menteri Johnny mengajak semua pihak untuk memanfaatkan ruang digital sebagai ruang melakukan akselerasi peningkatan sumberdaya manusia.</p>',	'berita/e4lQoBsZaqOW0tfttxdYj3jnudkeU8R6zrskUZNn.jpeg',	'2020-08-24 04:05:09',	'2020-08-24 04:05:09'),
(29,	5,	'PDN, Perkuat Implementasi SPBE dan Konsolidasi Data',	'pdn-perkuat-implementasi-spbe-dan-konsolidasi-data-',	'<p>Bitung, Kominfo - Pemerintah membutuhkan Pusat Data Nasional (PDN) untuk memperkuat penyelenggaraan Sistem Pemerintahan Berbasis Elektronik (SPBE) atau <em>e-government</em>. Keberadaan PDN diharapkan dapat meningkatkan mengonsolidasikan data untuk pengambilan keputusan berbasis data agar setiap kebijakan pemerintah lebih tepat sasaran.</p>\r\n\r\n<p>&quot;Indonesia sangat membutuhkan Pusat Data Nasional khususnya dalam kaitan dengan implementasi <em>electronic government</em>. Nah, saat ini Indonesia memiliki terlalu banyak <em>data center</em>. Indonesia memiliki lebih dari 2.700 <em>data center</em> saat ini dan sebagian terbesar diantaranya tidak memenuhi standar global, hanya sekitar 3% saja yang memenuhi. Sebagian besar juga belum menggunakan<em> cloud computing</em>, masih menggunakan TIK <em>ethernet</em> dan sistemnya sendiri,&quot; jelas Menteri Komunikasi dan Informatika Johnny G. Plate ketika meninjau bakal lokasi PDN di Bitung, Sulawesi Utara, Selasa (28/07/2020).</p>\r\n\r\n<p>Menurut Menteri Kominfo kunjungan kerja di Bitung secara khusus untuk melihat kesiapan pembangunan PDN. &quot;Saya datang ke sini memang secara khusus ingin melihat bagaimana kesiapan pembangunan Pusat Data Nasional di Bitung. Kebetulan data berhubungan langsung dengan penggelaran backbone atau jaringan tulang punggung informatika dan telekomunikasi, maka juga sekaligus ingin melihat ke wilayah-wilayah terluar di perbatasan kita di Pasifik Barat,&quot; ungkapnya.</p>\r\n\r\n<p>Masih terdapatnya <em>data center</em> yang belum memenuhi standar global dan dikelola secara parsial menurut Menteri Johnny memengaruhi integrasi data dan pengambilan keputusan berbasis data.</p>\r\n\r\n<p>&quot;Karenanya, berdampak pada konsolidasi dan interoperabilitas data yang mengakibatkan sulitnya mengambil keputusan berbasis data nasional atau satu data nasional. Untuk itu, Pemerintah melalui Presiden Jokowi juga menetapkan disamping membangun Pusat Data Nasional, Indonesia juga harus memiliki satu data nasional,&quot; paparnya.</p>\r\n\r\n<p>Satu data nasional menurut Menteri Kominfo sangat penting guna pengambilan keputusan dalam kebijakan publik. Menteri Johnny menyontohkan bagaimana upaya Pemerintah dalam menghadapi pandemi Covid-19.&nbsp;</p>\r\n\r\n<p>&quot;Pemerintah Pusat sudah secara serius dan sungguh-sungguh mengalokasikan dana penanggulangan atau memutus rantai Covid-19 dan dampak Covid-19 itu sendiri. Salah satu diantaranya adalah program-program perlindungan sosial. Kita semua baca di media bagaimana sulitnya mengimplementasikan perlindungan sosial akibat dari tidak tersedianya satu data,&quot; jelasnya.</p>\r\n\r\n<p>Dalam peninjauan lokasi PDN di Kelurahan Pinokalan, Kecamatan Ranowulu itu, Menteri Kominfo juga menegaskan kehadiranya juga untuk menjelaskan kondisi yang tengah dihadapi oleh Pemerintah. Menurutnya, Pemerintah dalam keadaan di mana kita di satu sisi harus berperang dan memutus rantai Covid-19, di sisi yang lain ekonomi harus tetap bisa bergulir dan bergerak.&nbsp;</p>\r\n\r\n<p>&quot;Kita tidak bisa memilih salah satu, berarti kita memilih kedua-duanya untuk bisa dilakukan. Tentu dengan harapan masyarakat yang di dalamnya dengan secara tertib melaksanakan protokol kesehatan Covid-19,&quot; tandasnya.</p>\r\n\r\n<p>PDN berstandar global, menurut Menteri Johnny juga dibutuhkan agar Indonesia bersaing dengan negara lain. Terutama dalam pengelolaan data melalui <em>Artificial Intelligence</em>, <em>Big Data </em>dan semua produk-produk algoritma.</p>\r\n\r\n<p>&quot;Itu bisa meramal satu bangsa ada di mana di tahun-tahun kemudian. Kalau data kita tidak dikelola dengan baik, kita sendiri tidak tahu masa depan kita akan ada di mana.Tetapi, kalau data kita tidak dikelola dengan baik, maka bisa berpindah tangan lintas negara, maka data kita bisa dikuasai bangsa-bangsa lain. Dan bangsa-bangsa lain bisa mengetahui kekuatan dan secara khusus kelemahan bangsa kita di masa akan datang,&quot; jelasnya.</p>\r\n\r\n<p>&nbsp;</p>\r\n\r\n<p>Bitung, Kominfo - Pemerintah membutuhkan Pusat Data Nasional (PDN) untuk memperkuat penyelenggaraan Sistem Pemerintahan Berbasis Elektronik (SPBE) atau <em>e-government</em>. Keberadaan PDN diharapkan dapat meningkatkan mengonsolidasikan data untuk pengambilan keputusan berbasis data agar setiap kebijakan pemerintah lebih tepat sasaran.</p>\r\n\r\n<p>&quot;Indonesia sangat membutuhkan Pusat Data Nasional khususnya dalam kaitan dengan implementasi <em>electronic government</em>. Nah, saat ini Indonesia memiliki terlalu banyak <em>data center</em>. Indonesia memiliki lebih dari 2.700 <em>data center</em> saat ini dan sebagian terbesar diantaranya tidak memenuhi standar global, hanya sekitar 3% saja yang memenuhi. Sebagian besar juga belum menggunakan<em> cloud computing</em>, masih menggunakan TIK <em>ethernet</em> dan sistemnya sendiri,&quot; jelas Menteri Komunikasi dan Informatika Johnny G. Plate ketika meninjau bakal lokasi PDN di Bitung, Sulawesi Utara, Selasa (28/07/2020).</p>\r\n\r\n<p>Menurut Menteri Kominfo kunjungan kerja di Bitung secara khusus untuk melihat kesiapan pembangunan PDN. &quot;Saya datang ke sini memang secara khusus ingin melihat bagaimana kesiapan pembangunan Pusat Data Nasional di Bitung. Kebetulan data berhubungan langsung dengan penggelaran backbone atau jaringan tulang punggung informatika dan telekomunikasi, maka juga sekaligus ingin melihat ke wilayah-wilayah terluar di perbatasan kita di Pasifik Barat,&quot; ungkapnya.</p>\r\n\r\n<p>Masih terdapatnya <em>data center</em> yang belum memenuhi standar global dan dikelola secara parsial menurut Menteri Johnny memengaruhi integrasi data dan pengambilan keputusan berbasis data.</p>\r\n\r\n<p>&quot;Karenanya, berdampak pada konsolidasi dan interoperabilitas data yang mengakibatkan sulitnya mengambil keputusan berbasis data nasional atau satu data nasional. Untuk itu, Pemerintah melalui Presiden Jokowi juga menetapkan disamping membangun Pusat Data Nasional, Indonesia juga harus memiliki satu data nasional,&quot; paparnya.</p>\r\n\r\n<p>Satu data nasional menurut Menteri Kominfo sangat penting guna pengambilan keputusan dalam kebijakan publik. Menteri Johnny menyontohkan bagaimana upaya Pemerintah dalam menghadapi pandemi Covid-19.&nbsp;</p>\r\n\r\n<p>&quot;Pemerintah Pusat sudah secara serius dan sungguh-sungguh mengalokasikan dana penanggulangan atau memutus rantai Covid-19 dan dampak Covid-19 itu sendiri. Salah satu diantaranya adalah program-program perlindungan sosial. Kita semua baca di media bagaimana sulitnya mengimplementasikan perlindungan sosial akibat dari tidak tersedianya satu data,&quot; jelasnya.</p>\r\n\r\n<p>Dalam peninjauan lokasi PDN di Kelurahan Pinokalan, Kecamatan Ranowulu itu, Menteri Kominfo juga menegaskan kehadiranya juga untuk menjelaskan kondisi yang tengah dihadapi oleh Pemerintah. Menurutnya, Pemerintah dalam keadaan di mana kita di satu sisi harus berperang dan memutus rantai Covid-19, di sisi yang lain ekonomi harus tetap bisa bergulir dan bergerak.&nbsp;</p>\r\n\r\n<p>&quot;Kita tidak bisa memilih salah satu, berarti kita memilih kedua-duanya untuk bisa dilakukan. Tentu dengan harapan masyarakat yang di dalamnya dengan secara tertib melaksanakan protokol kesehatan Covid-19,&quot; tandasnya.</p>\r\n\r\n<p>PDN berstandar global, menurut Menteri Johnny juga dibutuhkan agar Indonesia bersaing dengan negara lain. Terutama dalam pengelolaan data melalui <em>Artificial Intelligence</em>, <em>Big Data </em>dan semua produk-produk algoritma.</p>\r\n\r\n<p>&quot;Itu bisa meramal satu bangsa ada di mana di tahun-tahun kemudian. Kalau data kita tidak dikelola dengan baik, kita sendiri tidak tahu masa depan kita akan ada di mana.Tetapi, kalau data kita tidak dikelola dengan baik, maka bisa berpindah tangan lintas negara, maka data kita bisa dikuasai bangsa-bangsa lain. Dan bangsa-bangsa lain bisa mengetahui kekuatan dan secara khusus kelemahan bangsa kita di masa akan datang,&quot; jelasnya.</p>\r\n\r\n<p>&nbsp;</p>\r\n\r\n<p><strong>Nilai Strategis</strong></p>\r\n\r\n<p>Menteri Kominfo menegaskan saat ini data memiliki nilai strategis oleh karena itu, pengelolaannya pun membutuhkan perhatian lebih dari berbagai ancaman serta ditopang dengan infrastrukur yang memadai.&nbsp;</p>\r\n\r\n<p>&quot;Karenanya, data menjadi sangat strategis. Karena data menjadi sangat strategis, pusat datanya pun harus memenuhi prasyarat strategis tersebut. Diantaranya tersedianya lahan yang memadai dengan semua syarat-syarat geologi.&nbsp; Tadi sudah digambarkan sedikit tidak ada tsunami dan seterusnya. Ya gimana tsunami mau ke sini harus lewat Gunung Soputan atau Gunung Bersaudara dulu,&quot; jelasnya.&nbsp;</p>\r\n\r\n<p>Menteri Johnny menegaskan, selain mempertimbangkan parameter geologi, pembangunan PDN juga mempertimbangkan infrastruktur penunjang utama yaitu penggelaran kabel Fiber Optic (FO) atau backbone data besar. &quot;Infrastruktur pendukung utama lainnya tersedia <em>power supply </em>yang memadai dan <em>power supply-</em>nya juga harus <em>redundant</em>. Sumbernya bisa dari satu, dua bahkan tiga. Karena sekali listrik mati, maka padam pula datanya. Kalau datanya mati, ya sudah <em>goodbye </em>kita. Itu harus menjadi perhatian kita,&quot; paparnya.&nbsp;</p>\r\n\r\n<p>Menurut Menteri Kominfo, hal berikutnya yang menjadi pertimbagan berkaitan dengan aksesibilitasnya dari sisi transportasi. Lokasi PDN di Bitung berada di lahan milik Pemerintah Kota Bitung seluas 4,8 Ha. Berada di ketinggian 187 meter dari permukaan laut. Lokasi PDN Bitung pun dekat dan terjangkau dari pusat kota dan KEK Bitung, pelabuhan laut dan bandar udara serta KEK Pariwisata Likupang.</p>\r\n\r\n<p>&quot;Karena data adalah salah satu pusat yang sangat strategis karenanya aksesibilitasnya pun harus baik. Misal saja dalam satu keadaan luar biasa, maka dia harus bisa terjaga dengan baik,&quot; ungkapnya.&nbsp;</p>\r\n\r\n<p>Berkaitan dengan keamanan, menurut Menteri Johnny juga menjadi pertimbangan tersendiri. Menurutnya pengamanan <em>ring</em> paling luar melibatkan militer dan dilakukan secara berlapis. &quot;<em>Security system</em>, mulai dari bagaimana <em>military base </em>kita di sini menjaga, Kamtibmasnya menjaga, dan samapai ke dalam <em>Circuit Security System</em> yang paling dalam. Berlapis-lapis itu <em>security system</em>-nya termasuk <em>man power</em> karena data sangat strategis. Karena data terkait dengan masa depan bangsa dan negara,&quot; jelasnya.</p>\r\n\r\n<p>Penempatan lokasi PDN tidak hanya berkaitan dengan ketersediaan lahan belaka. &quot;Dalam rangka mengambil kebijakan-kebijakan penempatan lokasi data, tidak saja tersedianya lahan. Tapi, aspek-aspek lain yang saya sampaikan tadi menjadi perhatian,&quot; tegas Menteri Kominfo.</p>\r\n\r\n<p>Menteri Kominfo mengharapkan pembangunan data akan berdampak pada <em>multiplayer </em>lingkungan, baik ekonomi, sosial, maupun aspek kehidupan lain. &quot;Karena ini, salah satu implementasi dari proyek yang <em>Capital Expenditure</em>-nya cukup besar dan tentu <em>Operational Expenditure</em>-nya juga cukup besar,&quot; ungkapnya.</p>',	'berita/EUcjR2Q469O0hApPdjabDwGv08HjqmQeNzqmpzhE.jpeg',	'2020-08-24 04:15:35',	'2020-08-24 04:15:35'),
(30,	5,	'Jangan Sampai Ada Gelombang Kedua, Kuncinya Disiplin!',	'jangan-sampai-ada-gelombang-kedua-kuncinya-disiplin-',	'<p>Jakarta, Kominfo -&nbsp;Direktur Jenderal (Dirjen) Informasi dan komunikasi Publik (IKP) Kementerian Komunikasi dan Informatika, Widodo Muktiyo merasa optimistis virus Covid-19 bisa dikalahkan. Kuncinya disiplin, gotong royong, optimistis, dan positif. Hal ini dikatakannya dalam Webinar &ldquo;Tampil Sebagai Pemenang di Masa New Normal&rdquo; dari Jakarta, Kamis (09/07/2020) siang.</p>\r\n\r\n<p>&ldquo;Kita jangan sembrono hingga menyepelekan Covid-19, karena saat ini Covid-19 masih ada di sekitar kita,&rdquo; kata Dirjen Widodo yang juga sebagai Koordinator Tim Bidang Komunikasi Publik Gugus Tugas Percepatan Penanganan Covid-19.</p>\r\n\r\n<p>Ditambahkan Dirjen IKP, saat ini di era normal baru atau&nbsp;new normal, pemerintah membuka kembali aktivitas ekonomi, sosial, dan kegiatan publik secara terbatas dengan tetap melaksanakan protokol kesehatan terkait Covid-19. Oleh karena itu, masyarakat harus meningkatkan disiplin menjalankan protokol kesehatan. Hal-hal positif terkait hidup sehat juga harus terus dilakukan.</p>\r\n\r\n<p>Menurut Dirjen IKP, Presiden Joko Widodo pun telah menegaskan bahwa beradaptasi dengan pandemi ini bukan berarti menyerah apalagi kalah. Tapi mengubah perilaku dengan kebiasaan-kebiasaan baru sesuai dengan protokol kesehatan.</p>\r\n\r\n<p>&ldquo;Target kita adalah segera keluar dari pandemi Covid-19. Semakin cepat maka kondisi ekonomi akan lebih cepat dipulihkan,&rdquo; katanya.</p>\r\n\r\n<p>&nbsp;</p>\r\n\r\n<p>Dirjen Widodo mendorong masyarakat saling mengingatkan dan bergotong royong. &ldquo;Jangan sampai ada gelombang kedua. Kuncinya disiplin,&rdquo; tandasnya.</p>\r\n\r\n<p>Untuk menuju masyarakat produktif dan aman dari Covid-19, lanjut Dirjen IKP, ada beberapa tahapan yang harus dilakukan. Pertama adalah pra kondisi, di antaranya sosialisasi, kajian, riset, perubahan perilaku, dan komunikasi publik.</p>\r\n\r\n<p>Kedua, waktu yang menyesuaikan kondisi masing-masing daerah. Hal ini berdasarkan pada data epidemiologi, tingkat kepatuhan pada protokol kesehatan, kesiapan medis dan alat kesehatan. Tahapan lainnya adalah prioritas, koordinasi pusat dan daerah, serta monitoring dan evaluasi.</p>\r\n\r\n<p>&ldquo;Itulah mengapa pemberlakuan new normal berbeda di tiap daerah. Karena semua berdasarkan pada data dan fakta di lapangan,&rdquo; katanya.</p>\r\n\r\n<p>Dirjen Widodo juga mengingatkan peserta webinar yang terdiri dari sekitar 100 orang tokoh masyarakat dan pemuda di Kabupaten Garut Provinsi Jawa Barat tersebut dapat meningkatkan literasi agar terhindar dari infodemi. Yaitu situasi dengan persebaran informasi yang terus menerus.</p>\r\n\r\n<p>&ldquo;Silahkan menyimak informasi dari media dan kanal yang dimiliki Kementerian Kominfo, seperti indonesia.go.id, infopublik.id, dan GPRTV. Selain itu pemberitaan pada LKBN Antara, LPP TVRI, dan RRI,&rdquo; katanya.</p>\r\n\r\n<p>Menurut Dirjen IKP mengonsumsi informasi ibarat mengonsumsi makanan. &ldquo;Sebaiknya yang kita makan adalah makanan yang halal dan sehat,&rdquo; katanya seraya mengingatkan masyarakat untuk memasang aplikasi PeduliLindungi untuk melacak penyebaran Covid-19.&nbsp;</p>',	'berita/Ts5gRmxg9fXbXNEpKOJcrkK9LXaZUBpphj1O9XSG.jpeg',	'2020-08-24 04:24:54',	'2020-08-24 04:24:54'),
(31,	5,	'Kikis Kesenjangan, Kominfo Pacu Literasi Digital Perempuan',	'kikis-kesenjangan-kominfo-pacu-literasi-digital-perempuan-',	'<p>Jakarta, Kominfo &ndash; Guna memperkecil kesenjangan akses internet dan literasi digital di kalangan masyarakat, Kementerian Kominfo melakukan akselerasi edukasi khususnya kepada perempuan.</p>\r\n\r\n<p>Staf Khusus Menteri Komunikasi dan Informatika&nbsp; Bidang Literasi Digital, Dedy Permadi menyebutkan berdasarkan laporan utama World Wide Web Foundation yang berjudul &quot;Women&#39;s Rights Online&quot;, pada 2018 lalu, kesenjangan gender di bidang digital cukup signifikan di Indonesia. &quot;Rata-rata hanya 20% perempuan Indonesia memiliki akses internet, dan di antara mereka hanya 26% yang mengutarakan pendapat secara daring untuk mencari informasi yang kritis mengenai hak perempuan dan hanya 5% dari jumlah tersebut yang menggunakan internet untuk mengekspresikan pandangannya guna mendapatkan informasi di website sebagai penunjang mendapatkan hak kesetaraan,&quot; paparnya ketika menjadi pemateri dalam acara Webinar &ldquo;Literasi digital untuk Perempuan Indonesia&rdquo; dari Kantor Kominfo, Jakarta, Selasa (30/06/2020).</p>\r\n\r\n<p>Meski sudah berselang dua tahun, kesenjangan itu masih terjadi, meski tidak sampai besar jika diperbandingkan antara laki-laki dan perempuan. &ldquo;Kalau kita melihat data terkait potret tentang kondisi perempuan di dunia maupun di Indonesia dalam konteks digitalisasi, maka ada 58% pria yang punya akses terhadap internet secara global. Tetapi, untuk perempuan hanya 48%. Kalau kita melihat digital use gap-nya itu, artinya internet access teknologi digital kepada perempuan itu memang masih terbatas dibandingkan dengan pria,&rdquo; jelasnya.&nbsp;</p>\r\n\r\n<p>Dedy menilai, penggunaan internet untuk perempuan hingga kini masih memiliki &ldquo;pekerjaan rumah&rdquo; bagaimana memperkecil kesenjangan yang ada secara coverage maupun secara substansial.&nbsp; &ldquo;Jadi, Kominfo berkejaran dengan waktu untuk menghadirkan internet di Indonesia. Saat ini, Kominfo sedang mempercepat hadirnya akses internet menjadi dua pembangunan infrastruktur yang utama,&rdquo; tuturnya.</p>\r\n\r\n<p><strong>Percepatan Digitalisasi Nasional</strong></p>\r\n\r\n<p>Menyikapi adanya digital use gap perempuan di era digital, maka menurut Dedy percepatan Digitalisasi Nasional Indonesia perlu dilakukan supaya dunia digital ini bisa dinikmati oleh seluruh masyarakat Indonesia, khususnya bagi kaum perempuan dalam memanfaatkan peluang-peluang yang ada.</p>\r\n\r\n<p>Dedy menyatakan, Pemerintah saat ini sedang mengupayakan digitalisasi nasional guna menyiapkan percepatan transformasi digital menuju masyarakat digital Indonesia. Oleh karena itu, Kementerian Kominfo mebangun jaringan sinyal 4G agar merata di seluruh desa dan kelurahan di Indonesia.&nbsp;</p>\r\n\r\n<p>Menurut Stafsus Menteri Kominfo Bidang Literasi Digital, data dari Badan Aksesibilitas dan Telekomunikasi Indonesia (BAKTI) Kementerian Kominfo menunjukkan 12.548 dari 83.218 desa dan kelurahan di Indonesia yang belum memiliki akses 4G dan direncanakan akan terselesaikan pada akhir tahun 2022 guna memeratakan tersedianya akses internet 4G.</p>\r\n\r\n<p>&ldquo;Kalau 2G dan 3G itu sudah ada, coverage-nya lebih besar sekitar 56,8%. Tetapi yang 4G ini yang penting karena internet berkecepatan tinggi atau broadband internet akses,&rdquo; terang Dedy.</p>\r\n\r\n<p>Dedy melanjutkan, Kementerian Kominfo juga berupaya keras memperkuat layanan publik melalui Satelit Satria, yang jumlahnya kini mencapai 150 ribu titik layanan mencakupi antara lain: Posyandu, Puskesmas, rumah sakit, kantor kelurahan,&nbsp; desa, kecamatan, dan kabupaten serta kota.</p>\r\n\r\n<p>&quot;Ketika kita berbicara tentang produktivitas di dalam penggunaan Internet, maka Indonesia ini agak tertinggal dari negara-negera lain di Asia Tenggara. Negara-negara lain itu cenderung menggunakan Internet untuk kebutuhan yang produktif, sedangkan Indonesia menggunakan Internet untuk tujuan yang bisa diasosiasikan dengan penggunaan yang kurang produktif, yakni social networking,&quot; tutur Dedy.</p>\r\n\r\n<p><strong>Kecakapan Digital</strong></p>\r\n\r\n<p>Dedy menambahkan, di samping infrastruktur, Kominfo ingin memastikan sumber daya manusia termasuk perempuan agar siap menggunakan layanan Internet 4G. Untuk mempersiapkan SDM ini, Kementerian Kominfo memetakannya ke dalam tiga level kecakapan digita yakni pada level dasar, menengah, dan tinggi.&nbsp;</p>\r\n\r\n<p>&quot;Di level paling dasar adalah literasi digital. Sedangkan di level menengah ada Digital Talent Scholarship (DTS), dan di level tinggi ditujukan untuk para pimpinan. Kesemuanya itu menjadi prasyarat untuk percepatan transformasi digital,&quot; paparnya.</p>\r\n\r\n<p>Lebih lanjut, kata Dedy,&nbsp; untuk di level dasar yang disebut sebagai basic digital skill, Kominfo bekerja sama dengan ekosistem gerakan nasional literasi digital Siberkreasi untuk peningkatan literasi digital kepada 172 juta pengguna internet di Indonesia.</p>\r\n\r\n<p>Di level menengah, menurut Dedy saat ini Indonesia masih menghadapi tantangan digital skills gap atau kesenjangan talenta digital. Hal itu terjadi karena kebutuhan tenaga kerja ahli dalam bidang digital masih belum tercukupi. Oleh karena itu, Kementerian Kominfo berupaya membekali tenaga kerja di Indonesia dengan Program Stimulus Pelatihan DTS 2020.</p>\r\n\r\n<p>&ldquo;Setelah literasi digitalnya beres, lewat program tersebut teman-teman bisa upgrade skill. Kita bijak bermedia sosial, maka kita bisa naik kelas melalui DTS yang bisa diakses di digitalent.kominfo.go.id, juga untuk literasi bisa diakses melalui literasi.id, siberkreasi.id, dan pandudigital.id,&rdquo; paparnya.&nbsp;</p>\r\n\r\n<p>Selaras denga hal tersebut, dalam hal memastikan kebijakan digital dapat menyentuh semua lapisan baik dari sisi pengambilan kebijakan sampai kepada seluruh segmen masyarakat termasuk perempuan, di level paling atas atau advance skill para pimpinan dibekali keahlian untuk bertransformasi digital.</p>\r\n\r\n<p>&quot;Hal yang sangat penting adalah C-Level untuk publik dan private sektor. Nah, Kominfo membangun secara komprehensif ketiga cara tersebut,&rdquo; jelasnya.</p>\r\n\r\n<p>Di akhir pemaparannya Dedy menyampaikan satu quote dari Founder World Economic Forum (WEF) yang mengatakan &quot;Bukan Ikan yang besar yang memakan ikan yang kecil.&nbsp; Tetapi, Ikan yang cepat yang memakan ikan yang lambat&quot;. Artinya, di era transformasi digital ini semuanya harus bergegas, memliki ketapatan yang tinggi untuk mengejar ketertinggalan.&nbsp;</p>\r\n\r\n<p>Oleh karena itu, Dedy mengajak para penggerak atau aktivis yang memiliki concern dalam isu perempuan untuk segera bergegas dan harus menjadi bagian yang bisa menikmati serta memanfaatkan transformasi digital.</p>\r\n\r\n<p>&ldquo;Kalau lambat kita bisa kalah dimakan sama yang cepat itu, karena potensi peluangnya sangat besar. Begitu juga halnya dengan Kominfo, dalam beberapa bulan terakhir ini sedang berjuang keras bagaimana mempercepat transformasi digital dari sisi infrastruktur maupun sumber daya manusia. Salam sehat dan salam hormat. Selalu jaga kesehatan, jangan lupa pakai masker,&rdquo; tutupnya seraya memberi pesan kepada 120 peserta webinar agar berpartisipasi mencegah Covid-19.</p>',	'berita/VKmcXM44zOLdB3vOIcrQM5KmeZRywAvS1iLRmZ6y.jpeg',	'2020-08-24 04:27:35',	'2020-08-24 04:27:35'),
(32,	2,	'iNI bERITA PEMERINTAH NOMOR 6',	'ini-berita-pemerintah-nomor-6-',	'<p>INI ADALAH ISI <em>BERITA</em> <strong>PERTAMA</strong></p>',	'default.jpg',	'2020-09-03 11:45:36',	'2020-09-03 11:45:36');

DROP TABLE IF EXISTS `news`;
CREATE TABLE `news` (
  `id` bigint unsigned NOT NULL AUTO_INCREMENT,
  `new` varchar(255) COLLATE utf8mb4_unicode_ci NOT NULL,
  `created_at` timestamp NULL DEFAULT NULL,
  `updated_at` timestamp NULL DEFAULT NULL,
  PRIMARY KEY (`id`)
) ENGINE=InnoDB DEFAULT CHARSET=utf8mb4 COLLATE=utf8mb4_unicode_ci;

INSERT INTO `news` (`id`, `new`, `created_at`, `updated_at`) VALUES
(1,	'kementrian',	'2020-08-22 02:21:14',	'2020-08-22 02:21:14'),
(2,	'pemerintah',	'2020-08-22 02:21:14',	'2020-08-22 02:21:14'),
(3,	'pers',	'2020-08-22 02:21:14',	'2020-08-22 02:21:14'),
(4,	'media',	'2020-08-22 02:21:14',	'2020-08-22 02:21:14'),
(5,	'artikel',	'2020-08-22 02:21:14',	'2020-08-22 02:21:14'),
(6,	'galeri foto',	'2020-08-22 02:21:14',	'2020-08-22 02:21:14'),
(7,	'galer video',	'2020-08-22 02:21:15',	'2020-08-22 02:21:15'),
(8,	'KOMINFONEXT',	'2020-08-22 02:21:15',	'2020-08-22 02:21:15');

DROP TABLE IF EXISTS `password_resets`;
CREATE TABLE `password_resets` (
  `email` varchar(255) COLLATE utf8mb4_unicode_ci NOT NULL,
  `token` varchar(255) COLLATE utf8mb4_unicode_ci NOT NULL,
  `created_at` timestamp NULL DEFAULT NULL,
  KEY `password_resets_email_index` (`email`)
) ENGINE=InnoDB DEFAULT CHARSET=utf8mb4 COLLATE=utf8mb4_unicode_ci;


DROP TABLE IF EXISTS `report_lists`;
CREATE TABLE `report_lists` (
  `id` bigint unsigned NOT NULL AUTO_INCREMENT,
  `report_id` int NOT NULL,
  `title` varchar(255) COLLATE utf8mb4_unicode_ci NOT NULL,
  `slug` varchar(255) COLLATE utf8mb4_unicode_ci NOT NULL,
  `body` text COLLATE utf8mb4_unicode_ci NOT NULL,
  `file` varchar(255) COLLATE utf8mb4_unicode_ci DEFAULT NULL,
  `thumbnail` varchar(255) COLLATE utf8mb4_unicode_ci NOT NULL DEFAULT 'default.jpg',
  `created_at` timestamp NULL DEFAULT NULL,
  `updated_at` timestamp NULL DEFAULT NULL,
  PRIMARY KEY (`id`),
  KEY `report_lists_report_id_index` (`report_id`)
) ENGINE=InnoDB DEFAULT CHARSET=utf8mb4 COLLATE=utf8mb4_unicode_ci;

INSERT INTO `report_lists` (`id`, `report_id`, `title`, `slug`, `body`, `file`, `thumbnail`, `created_at`, `updated_at`) VALUES
(1,	1,	'[HOAKS] Dokumen WHO Terkait Anjuran Tidak Menggunakan Masker Selama Pandemi Covid-19',	'hoaks-dokumen-who-terkait-anjuran-tidak-menggunakan-masker-selama-pandemi-covid-19-4klaH',	'<p>Penjelasan :</p>\r\n\r\n<p>Beredar sebuah dokumen di media sosial yang diklaim merupakan dokumen resmi Organisasi Kesehatan Dunia (WHO). WHO&nbsp; melalui dokumen tersebut merekomendasikan atau menganjurkan untuk tidak menggunakan masker selama pandemi Covid-19. Rekomendasi itu dibuat karena masker tidak terbukti efektif melindungi diri dari Covid-19.&nbsp;</p>\r\n\r\n<p>Faktanya, dikutip dari <a href=\"https://factcheck.afp.com/fake-who-document-shared-anti-mask-posts\">Factcheck.afp.com</a> dokumen yang diklaim berasal dari WHO berisi rekomendasi untuk tidak mengenakan masker di tengah pandemi Covid-19 adalah tidak benar. WHO melalui juru bicaranya, Margaret Harris mengatakan dokumen yang beredar di media sosial itu bukan dokumen WHO. WHO dan sejumlah badan kesehatan lainnya justru sangat merekomendasikan penggunaan masker untuk membantu melindungi diri dari Virus Corona baru (Covid-19).</p>',	NULL,	'laporan/Xft1Dl88Gg9LHwxkFcNJsb33oU9Ncj8WvBmYVhlC.jpeg',	'2020-08-24 07:30:46',	'2020-08-24 07:30:46'),
(2,	1,	'[DISINFORMASI] 35 Guru Meninggal Akibat Covid-19 di Surabaya',	'disinformasi-35-guru-meninggal-akibat-covid-19-di-surabaya-CMoVN',	'<p>Penjelasan :</p>\r\n\r\n<p>Telah beredar melalui pesan berantai pada platform Whatsapp, informasi mengenai 35 orang guru yang sudah meninggal akibat Covid-19 di kota Surabaya. Pesan berantai tersebut memiliki narasi, &ldquo;!!!!!....Perhatian bagi seluruh warga surabaya....!!! Sudah ada 35 guru dan tenaga kependidikan di Kota Surabaya meninggal dunia akibat Covid-19. Waspada jika ada kenalan, teman dan keluarga guru. Agar waspada bagi kita semua. &ldquo;</p>\r\n\r\n<p>Berdasarkan penelusuran, Ketua Umum Persatuan Guru Republik Indonesia (PGRI), Unifah Rosyidi pun membenarkan kabar meninggalnya puluhan guru tersebut. Meski secara angka dirinya masih ragu. Namun Pemkot Surabaya membantah kabar yang beredar bahwa terdapat 35 guru di Surabaya meninggal dunia akibat Covid-19. Berdasarkan data Dinas Kesehatan Kota Surabaya, total ada 4 guru yang meninggal dunia akibat terpapar Covid-19.</p>',	NULL,	'laporan/FGKvfXZBhe75HrnK3I0pQLCari9TwQvp3e6IYmwB.jpeg',	'2020-08-24 07:32:00',	'2020-08-24 07:32:00'),
(3,	1,	'[DISINFORMASI] Pernyataan Jokowi Pertumbuhan Ekonomi Indonesia Terjun Bebas Tidak Diberi Utang Lagi',	'disinformasi-pernyataan-jokowi-pertumbuhan-ekonomi-indonesia-terjun-bebas-tidak-diberi-utang-lagi-9q3X2',	'<p>Penjelasan :</p>\r\n\r\n<p>Sebuah akun media sosial Facebook membagikan gambar tangkapan layar dari laman artikel berita dengan judul &ldquo; Jokowi:&nbsp; Pertumbuhan Ekonomi Indonesia &ldquo;Terjun Bebas&rdquo; ngutang, enggak diberi lagi, gaess&rdquo;.</p>\r\n\r\n<p>Faktanya gambar hasil tangkapan layar tersebut adalah hasil editan. Dari hasil penelusuran, berita asli pada artikel tersebut berasal dari laman <a href=\"https://www.jpnn.com/news/jokowi-prediksi-pertumbuhan-ekonomi-indonesia-terjun-bebas?\">Jpnn.com </a>dengan judul &ldquo;Jokowi Prediksi Pertumbuhan Ekonomi Indonesia &quot;Terjun Bebas&quot;&rdquo;. Artikel tersebut tayang pada tanggal 14/4/2020 lalu. Pada bagian judul berita telah mengalami penyuntingan dengan menghilangkan dan menambahkan beberapa kata sehingga berbeda makna.</p>',	NULL,	'laporan/je7yPJIdfWFQLrSbssqWzjGnFSipW6z9UeVXM428.jpeg',	'2020-08-24 07:32:44',	'2020-08-24 07:32:44'),
(4,	1,	'[HOAKS] Formulir Online Pendaftaran Kartu Indonesia Pintar',	'hoaks-formulir-online-pendaftaran-kartu-indonesia-pintar-NNMLb',	'<p>Penjelasan :</p>\r\n\r\n<p>Beredar sebuah informasi berisi tautan formulir online pendaftaran Kartu Indonesia Pintar di media sosial. Edaran informasi tersebut disertai narasi &ldquo;Bagi yg punya putra putri, SD, SMP, SMA/K ingin mengajukan program Indonesia Pintar / Kartu Indonesia Pintar, silahkan mengisi link dibawah ini. Ditunggu sampai tanggal 25 Agustus 2020. Tks&rdquo;.&nbsp;</p>\r\n\r\n<p>Faktanya, informasi mengenai formulir online yang beredar tersebut dibantah oleh Kementerian Pendidikan dan Kebudayaan RI melalui unggahan story pada akun Instagram resmi <a href=\"https://www.instagram.com/kemdikbud.ri/\">@kemdikbud.ri</a>, Minggu, 23 Agustus 2020. Kemendikbud dalam unggahannya juga mengingatkan agar masyarakat berhati-hati terhadap formulir penipuan yang meminta data siswa tersebut.&nbsp;</p>',	NULL,	'laporan/oBMhKqOZH03myVg7FB5QGu7wO6ZXeaPGQ36KMqZu.jpeg',	'2020-08-24 07:33:31',	'2020-08-24 07:33:31'),
(5,	1,	'[DISINFORMASI] Gaji Tambahan dari Jokowi Berupa Mata Uang Yen',	'disinformasi-gaji-tambahan-dari-jokowi-berupa-mata-uang-yen-bhokP',	'<p>Penjelasan :</p>\r\n\r\n<p>Beredar postingan di media sosial yang berisi tangkapan layar sebuah artikel dengan judul &quot;Ada 13 Juta Orang yang Bakal Dapat Gaji Tambahan dari Jokowi Gaji Berupa Mata Uang Yen, Yen Ora Mbujuk Lagi&quot;.&nbsp;</p>\r\n\r\n<p>Faktanya dilansir dari <a href=\"https://www.liputan6.com/cek-fakta/read/4337413/cek-fakta-tidak-benar-gaji-tambahan-dari-jokowi-berupa-mata-uang-yen\">Liputan6.com</a>, judul berita yang menyebut tentang 13 juta orang bakal dapat gaji tambahan dari Jokowi berupa mata uang yen ternyata tidak benar. Judul pada gambar tangkapan layar tersebut adalah hasil editan atau suntingan. Adapun artikel aslinya berjudul &quot;Ada 13 Juta Orang yang Bakal Dapat Gaji Tambahan dari Jokowi&quot; yang dimuat situs <a href=\"https://www.cnbcindonesia.com/news/20200805174412-4-177706/ada-13-juta-orang-yang-bakal-dapat-gaji-tambahan-dari-jokowi\">Cnbcidonesia.com</a> pada 5 Agustus 2020.</p>\r\n\r\n<p>&nbsp;</p>',	NULL,	'laporan/6mm0tbbf8WvjkBokbfQ4ofse8kuivISCSLyoMrnp.jpeg',	'2020-08-24 07:38:51',	'2020-08-24 07:38:51'),
(9,	2,	'Laporan Keuangan 2018 Audited',	'laporan-keuangan-2018-audited-2ufx4',	'<p>Unduh&nbsp;Laporan Keuangan Kementerian Komunikasi dan Informatika Tahun 2018 (Audited) Menggunakan Link Di Atas</p>',	'file/0HIzqPOgBMN0jFFxmdoAucItLik8StxthQxQqgzK.pdf',	'default.jpg',	'2020-08-24 08:03:38',	'2020-08-24 08:07:05'),
(12,	2,	'Laporan Keuangan Kementerian Komunikasi dan Informatika Tahun 2017 (Audited)',	'laporan-keuangan-kementerian-komunikasi-dan-informatika-tahun-2017-audited-CiWEY',	'<p>Untuk Laporan Bisa Di Baca Dengan Link Di Atas</p>',	'file/ISGu2eqqcEfrLU44BipANTh4vAIECV10inR1Rtq2.pdf',	'laporan/ISa19qaBB13pZTs3DQsCltGgN19FP2A56ISHsLPq.png',	'2020-08-25 03:44:29',	'2020-08-25 03:44:29'),
(13,	2,	'Laporan Keuangan Kementerian Komunikasi dan Informatika Tahun 2016 (Audited)',	'laporan-keuangan-kementerian-komunikasi-dan-informatika-tahun-2016-audited-Kfo8i',	'<p>Untuk Laporan Bisa Di Baca Diatas</p>',	'file/1MCQ5kaLz7jag7Ek01bmkz1U6KbzXH3qwp2L8l3D.pdf',	'laporan/Ob19vzuMyefIX0p9F6YMu1U0txLYnwtWNasjlqvs.png',	'2020-08-25 03:46:26',	'2020-08-25 03:46:26'),
(14,	2,	'Laporan Keuangan Kementerian Komunikasi dan Informatika Tahun 2015',	'laporan-keuangan-kementerian-komunikasi-dan-informatika-tahun-2015-wOSDb',	'<p>Sebagaimana diamanatkan Undang-Undang nomor 17 Tahun 2003 tentang Keuangan Negara bahwa Menteri/Pimpinan Lembaga sebagai Pengguna Anggaran/Barang mempunyai tugas antara lain menyusun dan menyampaikan laporan keuangan Kementrian Negara/Lembaga yang dipimpinnya.</p>\r\n\r\n<p>Komunikasi dan Informatika adalah salah satu entitas pelaporan sehingga berkewajiban menyelenggarakan akuntansi dan laporan pertanggungjawaban atas pelaksanaan Anggaran Pendapatan dan Belanja Negara dengan menyusun laporan keuangan berupa Laporan Realisasi, Anggaran, Neraca, Laporan Operasional, Laporan Perubahan Ekuitas dan Catatan atas Laporan Keuangan.</p>',	'file/1IVEurb14un84AfSJdroEDKy2VECHH9JGlmLb59u.pdf',	'laporan/CdemDuvphqe80VvpxGe7Y0PO4O0MT8y4IsnO3HTz.png',	'2020-08-25 03:56:12',	'2020-08-25 03:56:12'),
(15,	2,	'Laporan Keuangan Kementerian Komunikasi dan Informatika Tahun 2014',	'laporan-keuangan-kementerian-komunikasi-dan-informatika-tahun-2014-WNnjA',	'<p>Laporan keuangan ini diharapkan dapat memberika informasi yang berguna kepada para pemakai laporan khususnya sebagai sarana untuk meningkatkan akuntabilitas pertanggungjawaban dan transparansi pengelolaan keuangan negara pada Kementerian Komunikasi dan Informatika. Disamping itu laporan keuangan ini juga dimaksudkan juga untuk memberikan informasi kepada manajemen dan pengambilan keputusan dalam usaha untuk mewujudkan tata kelola pemerintahan yang baik (good governance).</p>',	'file/XyNA1TihScIimEbtKe4ShFwKBN3XtFCfWTqIQxed.pdf',	'laporan/0BCAuNYNJjOJVU1TTklEvdjU27tFz3DTkKJwMirr.png',	'2020-08-25 03:58:41',	'2020-08-25 03:58:41'),
(17,	3,	'Laporan Tahunan Direktorat Jenderal Penyelenggaraan Pos dan Informatika Kementerian Komunikasi dan Informatika Tahun 2019',	'laporan-tahunan-direktorat-jenderal-penyelenggaraan-pos-dan-informatika-kementerian-komunikasi-dan-informatika-tahun-2019-PVJVN',	'<p>Laporan Tahunan ini menyajikan berbagai informasi penting terkait seputar industri pos, telekomunikasi, dan penyiaran serta informasi terkait prestasi, kegiatan, dan capaian kinerja program prioritas Direktorat Jenderal Penyelenggaraan Pos dan Informatika (Ditjen PPI) sepanjang tahun 2019. Tolak ukur keberhasilan pencapaian kinerja organisasi Direktorat Jenderal Penyelenggaraan Pos dan Informatika (Ditjen PPI) tercermin dari pencapaian target atas 13 Indikator Kinerja Utama (IKU) dari 13 Indikator Kinerja Utama (IKU) yang ditetapkan dalam Perjanjian Kinerja (PK) Direktur Jenderal Penyelenggaraan Pos dan Informatika (Ditjen PPI) dengan Menteri Komunikasi dan Informatika Tahun 2019. Secara keseluruhan capaian dari kinerja Direktorat jenderal Penyelenggaraan Pos dan Informatika (Ditjen PPI) tahun 2019 adalah sebesar 99,11%.</p>\r\n\r\n<p><strong>Optimalisasi Penerimaan Negara Bukan Pajak (PNBP)</strong></p>\r\n\r\n<p>Dari sisi kinerja Penerimaan Negara Bukan Pajak (PNBP) Direktorat Jenderal Penyelenggaraan Pos dan Informatika (Ditjen PPI) berhasil mengumpulkan Rp 1,153 Triliun atau sebesar 104,64% dari target Rp 1,102Triliun.</p>\r\n\r\n<p><strong>Komitmen Dalam Rangka Mewujudkan Pelayanan Prima Kepada Masyarakat</strong></p>\r\n\r\n<p>Tahun 2019 menandakan sebuah catatan penting dalam memberikan pelayanan kepada masyarakat dengan diraihnya prestasi penghargaan TOP 99 Inovasi Pelayanan Publik berupa Sistem Perizinan Online dan Pelayanan Prima Ditjen PPI Hebat Andal Berbasis Layanan Teknologi Informasi (SIPPPDIHATI) dimana sistem ini memangkas birokrasi perizinan menjadi lebih mudah, cepat, dan transparan. Seluruh proses pengajuan izin dapat termonitor melalui sistem e-ticketing dan proses pengajuan sampai dengan penerbitan izin yang semula membutuhkan waktu berhari-hari dipangkas menjadi hanya dalam hitungan jam</p>\r\n\r\n<p><strong>Membentuk Sumber Daya Manusia Ditjen PPI Yang Berkualitas</strong></p>\r\n\r\n<p>Pengembangan Sumber Daya Manusia di lingkungan Direktorat Jenderal Penyelenggaraan Pos dan Informatika (Ditjen PPI) secara menyeluruh guna memastikan terbentuknya organisasi yang baik serta kompetitif dalam mendukung tujuan Direktorat Jenderal Penyelenggaraan Pos dan Informatika (Ditjen PPI). Pada Tahun 2019 Direktorat Jenderal Penyelengga - raan Pos dan Informatika telah berhasil mengadakan bimbingan teknis (Bimtek) untuk para pegawainya, diantaranya Bimtek terkait Akuntabilitas Kinerja, Bim - tek Collaborative Creative Learning and Action for Sustainable Solutions (Co-CLASS) Ekonomi Digital untuk Daerah 3T (Terdepan, Terluar, dan Tertinggal)/3T Go Digital, Bimtek Diplomacy Course, Workshop In - fografis, Bimtek Quality Management System tujuan diberikannya beasiswa tersebut adalah untuk pen - ingkatan kapasitas pegawai Ditjen PPI. Pencapaian yang telah kami lakukan tidaklah terlepas dari kerja keras semua pihak dan seluruh satuan kerja di lingkungan Direktorat Jenderal Pos dan Informatika serta para penyelenggara indus - tri di bidang pos dan informatika. Oleh karenanya kami mengucapkan terima kasih atas kontribusi, dukungan, dan kerja sama yang telah diberikan dalam penyelesaian laporan tahunan ini.</p>\r\n\r\n<p><strong>Tantangan Ke Depan</strong></p>\r\n\r\n<p>Pada tahun 2020 Direktorat Jenderal Penyeleng - garaan Pos dan Informatika (Ditjen PPI) mengemban amanah dalam memberikan kontribusi pendapatan di sektor pos, telekomunikasi, dan penyiaran untuk pertumbuhan GDP Nasional melalui ekonomi digital. Untuk mencapai hal tersebut dibutuhkan strategi dan sinergi seluruh unit yang terlibat agar lebih terarah, terukur, dan terstruktur. Oleh karenanya pada tahun 2020 prioritas program akan lebih diarahkan kepada upaya dalam rangka mewujudkan ekonomi digital. Peningkatan ekonomi digital didukung oleh keterse - diaan akses internet yang memadai khususnya me - lalui jaringan fixed broadband. Untuk mewujudkan hal tersebut, Direktorat Jenderal Penyelenggaraan Pos dan Informatika memiliki program percepatan penetrasi pitalebar berupa pemetaan Supply dan Demand Nasional, fasilitasi penyediaan akses tetap pitalebar (fixed broadband) yang dilakukan di 1000 SSL (Satuan Sambungan Layanan) yang mencakup 50 desa di 12 provinsi, dan sinergi antara pemerintah&nbsp;Pusat dan Daerah dalam pembangunan infrastruktur pasif telekomunikasi dan kebijakan yang memadai agar pembangunan infrastruktur pasif telekomunikasi dapat dengan mudah digelar, berbiaya rendah, dan dapat digunakan bersama baik untuk penyelenggara telekomunikasi maupun kebutuhan utilitas lainnya. Program tersebut menjadi kontribusi dan intervensi Pemerintah sebagai regulator dan fasilitator dalam hal pemerataan akses internet melalui jaringan fixed broadband.</p>\r\n\r\n<p>Kami berharap penerbitan laporan tahunan ini dapat menjadi bahan referensi bagi seluruh jajaran Direktorat Jenderal Penyelenggaraan Pos dan Informatika dan dapat menciptakan sinergitas antara pemerintah dengan masyarakat luas khususnya para investor di bidang pos, telekomunikasi, dan penyiaran, serta dapat meningkatkan kepercayaan masyarakat kepada pemerintah untuk membangun Indonesia yang lebih baik dan lebih maju.</p>',	NULL,	'laporan/VtC6nVz1w2Uz0OfvSBxrINymEVDMVvETKm8BsTsi.png',	'2020-08-25 07:42:51',	'2020-08-25 07:42:51'),
(18,	3,	'Laporan Tahunan Kementerian Komunikasi dan Informatika Tahun 2018',	'laporan-tahunan-kementerian-komunikasi-dan-informatika-tahun-2018-oAM9r',	'<p>Untuk Lporan Bisa Di Baca Dengan Link Di Atas</p>',	'file/85EGqxsLmfLVSLFBfLzJhUzDu3OjNB43AJoxkSHs.pdf',	'default.jpg',	'2020-08-25 08:36:22',	'2020-08-25 08:39:07'),
(19,	3,	'Unduh Laporan Tahunan Ditjen Penyelenggaraan Pos dan Informatika (PPI) Tahun Anggaran 2017',	'unduh-laporan-tahunan-ditjen-penyelenggaraan-pos-dan-informatika-ppi-tahun-anggaran-2017-iAh6q',	'<p>Untuk Laporan Bisa Di Baca Dengan Link Di Atas</p>',	'file/7EjUlSBTu5e6UVaNjFUQ2NIltqS0SJS0k5bUpKGd.pdf',	'laporan/47OzHOZrIFHBQQFtiJKAbLieaz64HVBlvQJ5OpZ0.png',	'2020-08-25 08:44:03',	'2020-08-25 08:44:03'),
(20,	4,	'Laporan Kinerja Sekretariat Jenderal Kementerian Komunikasi dan Informatika Tahun 2019',	'laporan-kinerja-sekretariat-jenderal-kementerian-komunikasi-dan-informatika-tahun-2019-pKCVg',	'<p>Segala puji syukur kami ucapkan kepada Tuhan Yang Maha Esa karena telah memberikan rahmat dan karunia-Nya sehingga Laporan Kinerja (LKj) Sekretariat Jenderal (Setjen) Kementerian Komunikasi dan Informatika (Kominfo) Tahun 2019 dapat diselesaikan. Laporan Kinerja Setjen Kementerian Kominfo Tahun 2019 ini merupakan bentuk pertanggungjawaban atas semua kinerja Sekretariat Jenderal yang telah dilakukan melalui pelaksanaan program dan kegiatan selama periode tahun 2019.</p>\r\n\r\n<p>Penyusunan Laporan Kinerja Sekretariat Jenderal Kementerian Kominfo Tahun 2019 berpedoman pada Peraturan Presiden Republik Indonesia Nomor 29 Tahun 2014 tentang Sistem Akuntabilitas Kinerja Instansi Pemerintah, serta Peraturan Menteri Pendayagunaan Aparatur Negara dan Reformasi Birokrasi Nomor 53 Tahun 2014 tentang Petunjuk Teknis Penyusunan Perjanjian Kinerja, Pelaporan Kinerja, dan Tata Cara Reviu Atas Laporan Kinerja Instansi Pemerintah.</p>\r\n\r\n<p>Laporan Kinerja Sekretariat Jenderal ini menyajikan hasil capaian kinerja Sekretariat Jenderal tahun 2019 berdasarkan realisasi dan capaian target yang ditetapkan dalam Perjanjian Kinerja Sekretariat Jenderal Tahun 2019. Dari Laporan Kinerja ini diharapkan dapat memberikan informasi atas kinerja Sekretariat Jenderal yang terukur kepada pemberi mandat atas kinerja yang telah dan seharusnya dicapai serta sebagai upaya perbaikan untuk meningkatkan kinerja di Sekretariat Jenderal Kementerian Kominfo pada masa yang akan datang.</p>',	'file/FWERlDsPK2fnh2FfZ9jHyCksyw9nOvJFbYljxnxV.pdf',	'laporan/ODvi8WhzTerPkRJLdxORwXK1WjJ3enhxwEpk3c2G.png',	'2020-08-25 09:24:07',	'2020-08-25 09:24:07'),
(21,	4,	'Laporan Kinerja Direktorat Jenderal Penyelenggaraan Pos dan Informatika Kementerian Kominfo Tahun 2019',	'laporan-kinerja-direktorat-jenderal-penyelenggaraan-pos-dan-informatika-kementerian-kominfo-tahun-2019-AUEFX',	'<p>Tanpa terasa tahun 2019 telah berakhir, sementara masih banyak target-target yang harus dicapai untuk dapat mewujudkan apa yang menjadi target pemerintah dalam kerangka Rencana Pembangunan Jangka Menengah Nasional 2015&ndash;2019. Terhadap hal tersebut dilakukan evaluasi tahunan secara menyeluruh untuk dapat melihat sejauh mana keberhasilan kinerja dari Direktorat Jenderal Penyelengaraan Pos dan Informatika dalam rangka pencapaian kinerja dari target-target yang telah ditetapkan baik keluaran (output) maupun kemanfaatannya (outcomes). Evaluasi dimaksud akan di jabarkan dalam Laporan Kinerja Direktorat Jenderal Penyelenggaraan Pos dan Informatika tahun 2019, yang mana hal ini juga sejalan dengan amanat dari Peraturan Presiden Republik Indonesia Nomor 29 tahun 2014 tentang Sistem Akuntabilitas Kinerja Instansi Pemerintah (SAKIP) yang mewajibkan untuk membuat Laporan Kinerja Pemerintah tiap akhir tahun anggaran untuk dilaporkan kepada Presiden Republik Indonesia.</p>\r\n\r\n<p>Melalui Laporan Kinerja Direktorat Jenderal Penyelenggaraan Pos dan Informatika tahun 2019 ini diharapkan dapat memberi informasi yang komprehensif kepada masyarakat pada umumnya dan menjadikan bahan evaluasi dalam penyusunan Rencana Strategis 2020&ndash;2024 Direktorat Jenderal Penyelenggaraan Pos dan Informatika agar dapat dilaksanakan secara efektif dan efisien.</p>',	NULL,	'laporan/cLzESc8osyz4veZGlQaQIyZAU41LVk0zjxBbkUXI.png',	'2020-08-26 02:52:27',	'2020-08-26 02:52:27'),
(22,	4,	'Laporan Kinerja Kementerian Komunikasi dan Informatika Tahun 2019',	'laporan-kinerja-kementerian-komunikasi-dan-informatika-tahun-2019-9QAMD',	'<p>Laporan Kinerja Kementerian Komunikasi dan Informatika merupakan bentuk dari pertanggungjawaban atas kinerja pencapaian visi dan misi yang dijabarkan dalam sasaran strategis. Sasaran strategis tersebut mengacu pada Rencana Pembangunan Jangka Menengah (RPJMN) periode 2015&mdash;2019 dan Rencana Strategis Kementerian Komunikasi dan Informatika Tahun 2015&mdash;2019. Uraian sasaran strategis tersebut kemudian ditetapkan dalam bentuk Perjanjian Kinerja (PK) Kementerian Komunikasi dan Informatika Tahun 2019 yang merupakan implementasi dari empat program prioritas, yaitu: Infrastruktur Akses Pitalebar (Broadband), Digitalisasi Penyiaran Televisi, Tata Kelola Internet dan Government Public Relations (GPR), serta kinerja lainnya yang memiliki dampak positif bagi masyarakat.</p>\r\n\r\n<p>Dalam implementasi keempat program prioritas diatas, Kementerian Komunikasi dan Informatika menetapkan 4 (empat) Sasaran Strategis yang memuat perspektif stakeholder, perspektif layanan maupun perspektif internal. Perspektif stakeholder, yaitu</p>\r\n\r\n<ol>\r\n	<li>pemerataan Jangkauan Layanan Komunikasi dan Informatika di wilayah Indonesia persentase capaiannya sebesar 94,79 persen;&nbsp;</li>\r\n	<li>Digitalisasi Sektor-sektor Prioritas Nasional persentase capaiannya sebesar 98,83 persen.</li>\r\n</ol>\r\n\r\n<p>Sedangkan capaian sasaran strategis dalam Pers- pektif Layanan, yakni (1) Peningkatan Kepuasan Masyarakat Terhadap Informasi Publik Terkait Kebijakan dan Program Prioritas Pemerintah persentase capaiannya sebesar 100 persen.</p>\r\n\r\n<p>Terakhir adalah capaian sasaran strategis dalam Perspektif Proses Internal, dapat dijelaskan sebagai berikut: (1) Peningkatan Kualitas Tata Kelola Kementerian Komunikasi dan Informatika persentase capaiannya adalah 99,74 persen.</p>\r\n\r\n<p>Secara umum pencapaian sasaran strategis yang telah ditetapkan dalam tahun 2019 telah sesuai dengan yang ditargetkan. Namun demikian, masih terdapat beberapa indikator kinerja yang masih belum mencapai target yang ditetapkan. Untuk itu, Kementerian Komunikasi dan Informatika akan senantiasa berupaya dan bekerja lebih keras lagi, serta menyempurnakan kebijakan yang ada untuk lebih mengoptimalkan pencapaian sasaran strategis, sehingga diharapkan di tahun berikutnya capaian semua sasaran strategis dapat lebih optimal.</p>',	NULL,	'laporan/ob8zz0ijpBw69ORImRUDNIiWNhFEbdT5IhnHGalg.png',	'2020-08-26 02:56:31',	'2020-08-26 02:56:31'),
(23,	4,	'DAMO: Memori Pertanggungjawaban Menteri Komunikasi dan Informatika Republik Indonesia 2014-2019',	'damo-memori-pertanggungjawaban-menteri-komunikasi-dan-informatika-republik-indonesia-2014-2019-OzJ1B',	'<p><strong>DAMO: Discovery,&nbsp;Adventure, Momentum,&nbsp;dan Outlook di Kominfo </strong></p>\r\n\r\n<p><em>Memori Pertanggungjawaban Menteri Komunikasi&nbsp;dan Informatika Republik Indonesia 2014-2019</em></p>\r\n\r\n<p>Ketika Kabinet Kerja Presiden Joko Widodo dan Wakil Presiden Jusuf Kalla memulai tugasnya pada tahun 2014, dunia sedang memasuki era ekonomi digital yang minim sekali tuntunan dan preseden dari era sebelumnya. Yang kita tahu saat itu adalah bahwa masyarakat kita merupakan &ldquo;early adopters&rdquo; yang sangat baik bagi teknologi dan layanan-layanan di Internet, terutama media sosial, yang diselenggarakan di atas jaringan internet mobile.</p>\r\n\r\n<p>Namun ternyata masyarakat kita juga tak kalah sigap dalam mengantisipasi layanan-layanan baru yang bersifat disruptif namun memiliki nilai tambah yang besar bagi mereka. Oleh sebab itu justru pada masa transisi tersebut, muncul berbagai bisnis baru yang sukses karena menempuh model bisnis yang sama sekali baru dan dikelola dengan cara-cara baru oleh orang-orang baru (yang umumnya kaum muda) yang justru belum terkontaminasi oleh pengelolaan bisnis gaya sebelumnya.</p>\r\n\r\n<p>Dalam tikungan tajam digitalisasi itu, pemerintah juga harus mengambil langkah yang pas, sesuai dengan perkembangan. Kominfo yang sebelumnya menyandang predikat dan fungsi sebagai regulator tidak bisa lagi hanya berkutat pada peran yang relatif pasif itu jika hendak menyediakan ruang yang kondusif bagi perkembangan ekosistem digital.</p>\r\n\r\n<p>&nbsp;</p>',	NULL,	'laporan/tB9NWm8xCGSb8GDa67SBv2slL3b8ycIF8xhxTIvY.jpeg',	'2020-08-26 02:59:44',	'2020-08-26 02:59:44'),
(24,	5,	'Ringkasan Laporan Layanan Informasi Publik (LIP) Kominfo Tahun 2019',	'ringkasan-laporan-layanan-informasi-publik-lip-kominfo-tahun-2019-CTxJg',	'<p>Ringkasan Akses Informasi Publik Pejabat Pengelola Informasi dan Dokumentasi Kementerian Komunikasi dan Informatika Tahun 2019, Laporan Bisa Di Baca Dengan Link Di Atas</p>',	'file/Me4coo04iAkdJiS8FFMTE8jGj5CWOYFVZ8FsjVNB.pdf',	'default.jpg',	'2020-08-26 03:02:05',	'2020-08-26 03:02:05'),
(25,	5,	'Laporan Layanan Informasi Publik (LIP) Kominfo Tahun 2018',	'laporan-layanan-informasi-publik-lip-kominfo-tahun-2018-ee4as',	'<p>Unduh Laporan Layanan dan Evaluasi Informasi Publik (LIP) Kominfo Tahun 2018 Laporan Bisa Di Baca Dengan Link Di Atas</p>',	'file/5KeXRNM3DKybyhNq3tAMnXrUZtV3LupHpKV2mijL.pdf',	'default.jpg',	'2020-08-26 03:05:38',	'2020-08-26 03:05:38'),
(26,	5,	'Laporan Layanan Informasi Publik (LIP) Kominfo Tahun 2017',	'laporan-layanan-informasi-publik-lip-kominfo-tahun-2017-dhMQ6',	'<p>Unduh Laporan Layanan dan Evaluasi Informasi Publik (LIP) Kominfo Tahun 2017 Laporan Bisa Di Baca Dengan Link Di Atas</p>',	'file/lB4DZggYO9E1WKLJxPTSaS9vXlg0cfITUM53bysB.pdf',	'laporan/LgFjBlLDQDgpDYKadB8YIvP6pw2ie8bkxBDImpUT.jpeg',	'2020-08-26 03:13:01',	'2020-08-26 03:13:01'),
(27,	5,	'Laporan Layanan Informasi Publik (LIP) Kominfo Tahun 2016',	'laporan-layanan-informasi-publik-lip-kominfo-tahun-2016-YXHgk',	'<p>Unduh&nbsp;Laporan Layanan dan Evaluasi Informasi Publik (LIP) Kominfo Tahun 2016 Laporan Bisa Di Baca Dengan Link Di Atas</p>',	'file/JTb5gCcE7krSmgWiRRkixmDyoU2RIPSF49FORoSf.pdf',	'default.jpg',	'2020-08-26 03:15:00',	'2020-08-26 03:15:00'),
(28,	6,	'Survey Pelayanan Publik Ditjen SDPPI Tahun 2017',	'survey-pelayanan-publik-ditjen-sdppi-tahun-2017-SHXfz',	'<p>Laporan Bisa Di Baca Dengan Link Di Atas</p>',	'file/fctSGod5Bxs0t1wADOIurCjrmH1FjNgsccJp12WL.pdf',	'default.jpg',	'2020-08-26 03:21:14',	'2020-08-26 03:21:14'),
(29,	6,	'Survey Pelayanan Publik Ditjen SDPPI Tahun 2016',	'survey-pelayanan-publik-ditjen-sdppi-tahun-2016-Y15OK',	'<p>Laporan Bisa Di Baca Dengan Link Di Atas</p>',	'file/NqamcKjezLBSFK4ziJn1piW3QXGyyCQR4oYhFVax.pdf',	'default.jpg',	'2020-08-26 03:33:18',	'2020-08-26 03:33:18'),
(30,	6,	'Survey Pelayanan Publik Ditjen SDPPI Tahun 2015',	'survey-pelayanan-publik-ditjen-sdppi-tahun-2015-Bsyg2',	'<p>Laporan Bisa Di Baca Dengan Link Di Atas</p>',	'file/HtuigOHzo2k50UMNzGn6cCNWyFLBL6znJIOgkmM0.pdf',	'default.jpg',	'2020-08-26 03:40:11',	'2020-08-26 03:40:11'),
(31,	6,	'Survey Pelayanan Publik Ditjen SDPPI Tahun 2014',	'survey-pelayanan-publik-ditjen-sdppi-tahun-2014-2N5BC',	'<p>Laporan Bisa Di Baca Dengan Link Di Atas</p>',	'file/FEwDzXtkhsfaLrRjPucTO2TuiNDMFcMPpq2a5iQF.pdf',	'default.jpg',	'2020-08-26 03:44:27',	'2020-08-26 03:44:27'),
(32,	6,	'Survey Pelayanan Publik Ditjen SDPPI Tahun 2013',	'survey-pelayanan-publik-ditjen-sdppi-tahun-2013-LVBAa',	'<p>Laporan Bisa Di Baca Dengan Link Di Atas</p>',	'file/9ZM9MCMILEdwAtfikjrotCjWMh0K6uj1l7QVHK7g.pdf',	'default.jpg',	'2020-08-26 03:50:22',	'2020-08-26 03:50:22');

DROP TABLE IF EXISTS `reports`;
CREATE TABLE `reports` (
  `id` bigint unsigned NOT NULL AUTO_INCREMENT,
  `report` varchar(255) COLLATE utf8mb4_unicode_ci NOT NULL,
  `created_at` timestamp NULL DEFAULT NULL,
  `updated_at` timestamp NULL DEFAULT NULL,
  PRIMARY KEY (`id`)
) ENGINE=InnoDB DEFAULT CHARSET=utf8mb4 COLLATE=utf8mb4_unicode_ci;

INSERT INTO `reports` (`id`, `report`, `created_at`, `updated_at`) VALUES
(1,	'hoaks',	'2020-08-22 02:21:16',	'2020-08-22 02:21:16'),
(2,	'keuangan',	'2020-08-22 02:21:16',	'2020-08-22 02:21:16'),
(3,	'tahunan',	'2020-08-22 02:21:16',	'2020-08-22 02:21:16'),
(4,	'kinerja',	'2020-08-22 02:21:16',	'2020-08-22 02:21:16'),
(5,	'pelayanan informasi publik',	'2020-08-22 02:21:16',	'2020-08-22 02:21:16'),
(6,	'hasil survey pelayanan publik',	'2020-08-22 02:21:16',	'2020-08-22 02:21:16');

DROP TABLE IF EXISTS `service_lists`;
CREATE TABLE `service_lists` (
  `id` bigint unsigned NOT NULL AUTO_INCREMENT,
  `service_id` int NOT NULL,
  `title` varchar(255) COLLATE utf8mb4_unicode_ci NOT NULL,
  `body` text COLLATE utf8mb4_unicode_ci NOT NULL,
  `created_at` timestamp NULL DEFAULT NULL,
  `updated_at` timestamp NULL DEFAULT NULL,
  PRIMARY KEY (`id`),
  KEY `service_lists_service_id_index` (`service_id`)
) ENGINE=InnoDB DEFAULT CHARSET=utf8mb4 COLLATE=utf8mb4_unicode_ci;


DROP TABLE IF EXISTS `services`;
CREATE TABLE `services` (
  `id` bigint unsigned NOT NULL AUTO_INCREMENT,
  `service` varchar(255) COLLATE utf8mb4_unicode_ci NOT NULL,
  `created_at` timestamp NULL DEFAULT NULL,
  `updated_at` timestamp NULL DEFAULT NULL,
  PRIMARY KEY (`id`)
) ENGINE=InnoDB DEFAULT CHARSET=utf8mb4 COLLATE=utf8mb4_unicode_ci;


DROP TABLE IF EXISTS `sub__information`;
CREATE TABLE `sub__information` (
  `id` bigint unsigned NOT NULL AUTO_INCREMENT,
  `information_id` int NOT NULL,
  `sub_information` varchar(255) COLLATE utf8mb4_unicode_ci NOT NULL,
  `created_at` timestamp NULL DEFAULT NULL,
  `updated_at` timestamp NULL DEFAULT NULL,
  PRIMARY KEY (`id`),
  KEY `sub__information_information_id_index` (`information_id`)
) ENGINE=InnoDB DEFAULT CHARSET=utf8mb4 COLLATE=utf8mb4_unicode_ci;

INSERT INTO `sub__information` (`id`, `information_id`, `sub_information`, `created_at`, `updated_at`) VALUES
(1,	1,	'informasi tentang profile kementrian  komunikasi dan informatika',	'2020-08-22 02:21:17',	'2020-08-22 02:21:17'),
(2,	1,	'ringkasan informasi tentang program dan kegiatan yang sedang dijalankan dalam lingkup Kementerian Komunikasi dan Informatika',	'2020-08-22 02:21:17',	'2020-08-22 02:21:17'),
(3,	1,	'ringkasan informasi tentang kinerja dalam lingkup Badan Publik berupa narasi tentang realisasi kegiatan yang telah maupun sedang dijalankan beserta capaiannya',	'2020-08-22 02:21:17',	'2020-08-22 02:21:17'),
(4,	1,	'ringkasan laporan keuangan',	'2020-08-22 02:21:17',	'2020-08-22 02:21:17'),
(5,	1,	'ringkasan laporan akses informasi publik',	'2020-08-22 02:21:17',	'2020-08-22 02:21:17'),
(6,	1,	'informasi tentang profile kementrian  komunikasi dan informatika',	'2020-08-22 02:21:17',	'2020-08-22 02:21:17'),
(7,	1,	'informasi tentang peraturan, keputusan, dan/atau kebijakan',	'2020-08-22 02:21:17',	'2020-08-22 02:21:17'),
(8,	1,	'informasi tentang hak dan tata cara memperoleh informasi publik',	'2020-08-22 02:21:18',	'2020-08-22 02:21:18'),
(9,	1,	'informasi tentang tata acara pengaduan penyalahgunaan wewenang atau pelanggaran',	'2020-08-22 02:21:18',	'2020-08-22 02:21:18'),
(10,	1,	'informasi tentang pengumuman pengadaan barang dan jasa',	'2020-08-22 02:21:18',	'2020-08-22 02:21:18'),
(11,	1,	'hasil survey indeks kepuasan masyarakat',	'2020-08-22 02:21:18',	'2020-08-22 02:21:18');

DROP TABLE IF EXISTS `users`;
CREATE TABLE `users` (
  `id` bigint unsigned NOT NULL AUTO_INCREMENT,
  `username` varchar(255) COLLATE utf8mb4_unicode_ci NOT NULL,
  `password` varchar(255) COLLATE utf8mb4_unicode_ci NOT NULL,
  `remember_token` varchar(100) COLLATE utf8mb4_unicode_ci DEFAULT NULL,
  `created_at` timestamp NULL DEFAULT NULL,
  `updated_at` timestamp NULL DEFAULT NULL,
  PRIMARY KEY (`id`)
) ENGINE=InnoDB DEFAULT CHARSET=utf8mb4 COLLATE=utf8mb4_unicode_ci;

INSERT INTO `users` (`id`, `username`, `password`, `remember_token`, `created_at`, `updated_at`) VALUES
(1,	'admin',	'$2y$10$uy7tQhH6c1gs2je20JBGSutjC2DrEKD981dajPtshFilIn0FmmSs2',	NULL,	'2020-08-22 02:24:35',	'2020-08-22 02:24:35');

-- 2020-09-25 01:46:23
